stock_code,stock_name,sw_industry,year,label,ar_turnover,asset_turnover,cash_interest_coverage,current_asset_turnover,current_ratio,debt_to_asset,debt_to_equity,ebit,eps,fixed_asset_turnover,gross_margin,inventory_turnover,net_assets_growth,net_margin,net_profit_growth,ocf_per_share,operating_cash_flow,operating_income_ratio,operating_margin,quick_ratio,retained_earnings,revenue_growth,roa,roe,top10_holders_pct,total_assets,total_assets_growth,total_revenue,working_capital,audit_opinion_code,is_non_standard_audit
600107.SH,*ST尔雅,服装家纺,2023,1,8.0119,0.3725,-351.27396652332,0.5754,1.9968,43.6607,0.8188,-10034501.0,-0.17,4.5043,36.4877,1.1266,-7.9640130349354,-12.7192,57.085,-0.1292,-46507380.62,,-4.282,1.2364,9583485.2,5.4988,-0.8232,7.2134,31.46,1050792762.15,-24.2453,453997393.11,437774560.0,2.0,1
002157.SZ,正邦科技,养殖业,2021,1,147.0259,0.9009,-175.09469129312,2.0411,0.4784,92.6008,21.1561,-17915265197.05,-6.006,3.0423,-25.1776,5.744,-91.234135258264,-40.0976,-427.6179,-0.7025,-2204291113.41,,-37.9442,0.2009,-11866052169.61,-3.0429,-33.8578,-184.0133,59.07,46567004290.34,-21.4186,47670223670.25,-16468847785.17,0.0,0
300621.SZ,维业股份,装修装饰Ⅱ,2023,0,6.9206,1.2281,-79.359412077561,1.2836,1.0321,93.7401,14.9747,257855790.35,0.04,83.2314,5.2417,17.959,-72.665998878386,0.1312,43.3266,-0.8127,-169085129.24,93.9652,0.4899,0.9304,499088591.72,4.9667,2.0393,0.182,56.28,13126493099.32,7.9253,15528964634.08,391959096.14,0.0,0
603880.SH,南卫股份,医疗器械,2021,1,5.2264,0.4571,-714.07047611905,0.8561,1.0048,48.4861,0.9488,-20043730.89,-0.0778,1.5927,20.7138,2.4952,-9.4157524834924,-4.3679,-123.2105,-0.2881,-84252019.54,,-5.3226,0.5571,236349957.4,-50.8168,-1.737,-18.9827,66.6,1235190728.96,15.1537,527440662.01,2832707.32,0.0,0
002335.SZ,科华数据,其他电源设备Ⅱ,2022,0,2.7272,0.5779,1582.0766569166,1.3638,1.0563,60.7581,1.6342,413671744.45,0.54,1.9689,29.4673,5.4931,5.241975569234,4.6874,-43.3964,3.4552,1594826333.3,93.2758,6.6505,0.7558,1491760146.5,16.0879,4.2321,-6.111,49.81,9977763291.45,4.2468,5648497927.46,236454132.9,0.0,0
688729.SH,屹唐股份,半导体,2022,0,11.0505,0.7106,-3880.5419381779,0.9906,2.8233,34.4555,0.5257,386522425.72,0.14,29.4477,28.5167,1.4789,14.082700478354,8.0317,111.0614,-0.19,-517224376.14,93.4762,8.3982,1.291,540209379.94,46.9574,5.7674,3.957,,7598811157.98,30.9012,4762627382.04,3513703221.22,0.0,0
002866.SZ,传艺科技,消费电子,2023,0,2.8909,0.4531,732.36023075242,0.8694,1.0274,51.1195,1.0408,9556742.88,0.14,1.4499,23.8299,3.6165,1.463697728291,1.4253,-63.6757,0.8807,254979726.12,-88.806,0.2618,0.6487,760111025.2,-11.2665,0.2442,-3.7584,55.73,4247119600.8,18.6198,1773523606.62,53467130.33,0.0,0
002287.SZ,奇正藏药,中药Ⅱ,2023,0,22.9506,0.3357,1099.4254968189,0.6404,2.5653,40.142,0.6796,694345225.22,1.0972,2.1196,84.1912,2.276,11.523586983535,28.3195,22.994,1.3078,693405084.34,64.2143,31.6056,2.4009,2576119940.72,0.0178,11.3966,1.9487,89.52,6298478593.58,6.9961,2045152409.09,1949149726.97,0.0,0
000065.SZ,北方国际,专业工程,2021,0,3.7541,0.6974,885.03816040337,1.071,1.4869,64.63,2.0124,797051680.53,0.808,9.6859,10.6925,14.0601,10.476948410793,5.1881,-16.9915,1.9335,1497433161.2,76.6592,6.1895,1.1021,4318802876.42,1.5513,4.2594,-3.6124,67.89,19343811173.9,6.9819,13050012731.64,3856058016.56,0.0,0
601399.SH,国机重装,专用设备,2023,0,2.4794,0.385,1844.1119732678,0.5425,1.7517,51.6857,1.1178,411198374.7,0.0597,3.2449,16.8044,2.7358,3.622913363607,3.9227,6.8242,0.0998,719741210.88,73.6294,4.5785,1.2836,-8538914860.56,16.601,1.406,0.0834,80.91,30072528899.86,5.8242,11258048655.79,9157398710.28,0.0,0
600287.SH,苏豪时尚,贸易Ⅱ,2022,1,10.5894,1.0346,207.25265884081,1.5393,1.4367,51.0567,1.1435,159705967.0,0.1374,15.2431,11.8706,6.3442,-2.804279892351,2.5752,108.6878,0.1458,64642123.94,89.3953,3.3425,0.9365,716749412.5,8.1914,4.0346,34.8664,55.21,3854381166.12,-5.1221,4095570085.66,802967800.68,1.0,1
002816.SZ,*ST和科,专用设备,2021,1,1.3223,0.3852,-16096.844406522,0.5704,5.8081,12.7289,0.1459,21837918.29,0.13,2.267,25.3167,1.4443,3.2711332748308,6.6321,125.9071,-0.8406,-84061296.6,-159.9967,10.8979,3.7993,113898986.36,33.0839,4.2023,15.0951,43.81,480295163.81,-14.0869,200191296.36,266032054.19,0.0,0
002299.SZ,圣农发展,养殖业,2022,0,19.3044,0.935,743.58916242559,3.3097,0.7376,47.4706,0.9047,645099913.94,0.3321,1.5745,8.5693,5.2348,0.23567366192116,2.4124,-8.3298,1.0838,1347888509.4,78.1612,2.902,0.2072,4559589131.77,16.1546,3.5867,-0.4722,62.31,18928326975.43,11.0586,16817085804.79,-2114515311.77,0.0,0
300453.SZ,三鑫医疗,医疗器械,2021,0,12.1717,0.8784,15848.58200291,2.2738,1.4451,30.3864,0.4718,195321138.81,0.3998,2.4324,34.3677,5.1347,15.321987253573,14.7568,34.8418,0.8368,329716957.18,94.275,16.7516,0.9351,481918536.73,23.8097,14.7368,2.5427,44.55,1406039522.12,12.9572,1164288763.57,168870784.01,0.0,0
601606.SH,长城军工,地面兵装Ⅱ,2023,0,1.1527,0.3724,-559.42585316102,0.5954,1.9409,41.5452,0.7146,26364180.4,0.04,1.5093,22.8823,1.8976,0.071008917630364,1.5562,-66.5637,-0.1057,-76545432.74,-86.6058,0.7936,1.4279,1092107734.72,-5.825,0.6081,-2.07,65.25,4494044249.84,7.5961,1614622864.42,1352509559.19,0.0,0
300756.SZ,金马游乐,专用设备,2023,0,5.7528,0.3641,1475.2090537613,0.5222,2.2952,33.1967,0.505,39161929.87,0.31,3.4932,35.3993,1.0719,29.278146588595,6.2181,287.4943,0.1303,20536950.39,73.4671,5.7618,1.6348,569427369.22,81.9565,1.9309,6.084,40.53,2110416445.81,8.4513,738455355.95,811679508.56,0.0,0
603050.SH,科林电气,电网设备,2021,0,1.8581,0.5997,-1460.7182226251,0.8033,1.4449,65.8351,1.9579,107970007.2,0.55,5.788,21.7079,2.3243,4.9579584905642,4.6009,-19.6728,-0.9559,-155064432.8,7.1389,4.6433,0.9834,613028163.19,16.3107,3.1752,-2.3274,33.7755,3801542728.34,26.7512,2039207683.1,892359130.47,0.0,0
300561.SZ,*ST汇科,软件开发,2023,1,1.7097,0.2001,90263.337090307,0.5677,6.288,5.3512,0.0564,2380303.57,0.016,3.0608,47.6249,1.609,-1.1137414605112,4.0926,-29.844,0.1115,36582900.1,-139.8307,3.2489,4.3732,215658156.51,-11.5161,0.3422,-0.3271,63.02,677831661.11,-4.9665,139177938.68,177633781.13,0.0,0
000070.SZ,特发信息,通信设备,2022,1,1.8945,0.5176,100.14314363174,0.7979,1.3556,69.9494,3.0658,151243738.88,0.0157,5.0627,15.9212,3.2922,-9.1319976498218,1.286,102.1461,0.1489,125781522.38,-177.8555,1.3631,0.9754,-24993247.85,-8.6962,1.8676,28.756,44.65,7873023140.63,-5.4159,4191611230.82,1297642171.19,0.0,0
600759.SH,ST洲际,油气开采Ⅱ,2022,0,22.3571,0.2153,145.32179652872,4.2457,0.1557,69.2101,2.3569,-35568538.63,-0.3263,33.1227,67.4821,13.0012,-10.965518948168,-25.6067,21.6928,0.3263,738545873.76,,-18.1556,0.0898,-893250468.92,15.6123,-0.2701,1.4721,34.41,13020580994.47,-2.2566,2836218400.04,-3897180625.15,2.0,1
002713.SZ,*ST东易,装修装饰Ⅱ,2023,1,9.5767,0.9526,-304.69423844762,2.4414,0.4577,92.8908,42.2245,-202446007.24,-0.5,6.4439,35.0626,13.2227,-69.104741591397,-6.1552,71.9979,-0.2648,-111083505.91,,-8.2762,0.3606,-821004963.9,16.2597,-6.5722,-27.2625,64.83,2930747294.52,-9.2621,2934413103.18,-1305124083.1,2.0,1
002388.SZ,新亚制程,其他电子Ⅱ,2022,1,3.4867,0.7314,80.105819642385,0.8345,1.9708,42.654,0.7511,50924464.63,0.01,19.7663,13.2774,6.8375,0.53804365198265,0.297,-90.333,0.0271,13738562.4,63.2483,1.7124,1.5661,254235134.42,-23.0828,2.1382,-4.1819,50.17,2521537715.35,12.4775,1742054265.48,1033669940.52,0.0,0
002412.SZ,汉森制药,中药Ⅱ,2023,0,3.8893,0.413,4373.6995785118,1.0849,2.5211,15.9838,0.1902,227724416.39,0.4074,2.0693,73.2197,1.0713,3.6374047086476,21.4556,22.3126,0.3198,160946071.17,74.1666,24.5871,1.7328,1215369926.58,4.3085,9.8424,1.4117,53.49,2336488623.93,1.988,955530797.42,540649780.89,0.0,0
001269.SZ,欧晶科技,光伏设备,2023,0,4.9312,1.1284,2436.4595322789,1.3923,2.3261,48.8453,0.9549,732668040.59,3.3989,8.0214,30.5884,7.3182,58.588604951253,20.8966,174.3253,0.909,174882928.76,99.1547,23.4388,1.7397,1166954210.22,118.2489,26.4186,14.7263,76.11,3539395455.08,76.333,3129349459.46,1667638616.49,0.0,0
000809.SZ,和展能源,房地产开发,2021,0,7.0391,0.0255,72.637107797786,0.027,5.4065,33.86,0.5119,-39133070.05,-0.172,0.7878,28.8681,0.0198,-4.6331285002407,-123.9284,-135.1302,0.071,58520364.94,,-103.8352,0.1126,2057792359.05,-32.9191,-0.8722,-2.7918,44.66,4406677687.27,-3.5045,114256648.97,3418249206.23,1.0,1
300228.SZ,富瑞特装,通用设备,2022,0,3.9485,0.438,1283.8195494794,0.6799,1.2368,53.6679,1.1766,-190894626.23,-0.388,1.8653,11.6456,1.6955,-11.976220024514,-13.2228,-629.5017,0.5757,331284156.3,,-13.159,0.7232,-15110390.96,1.1415,-5.2099,-14.5641,15.56,3790522306.25,7.1501,1604892010.54,461313180.08,0.0,0
000637.SZ,茂化实华,炼化及贸易,2021,1,58.3917,2.3176,171.77427044622,5.3885,1.1305,59.6505,1.6624,151440105.39,0.16,9.083,5.1148,22.6641,13.999735041677,1.4917,463.9514,0.1178,61218330.54,79.3575,2.0321,0.5232,462787705.75,39.383,6.2984,6.8653,47.7,2887679231.03,50.307,5572424946.92,149915678.1,0.0,0
605199.SH,ST葫芦娃,中药Ⅱ,2023,1,4.9,0.6837,154.92135972325,1.3864,1.27,63.8125,1.8305,43923618.6,0.03,4.7988,50.7073,3.5821,1.0702781389902,0.9456,-87.3352,0.0706,28252316.37,12.9625,1.5859,0.9448,334065817.27,18.4903,1.6728,-7.7591,78.8,2939486655.01,27.1373,1795183662.67,285448493.22,0.0,0
688053.SH,ST思科瑞,军工电子Ⅱ,2023,1,1.0563,0.1126,4138.6218388309,0.1434,23.9384,6.2192,0.0682,48731115.94,0.48,0.8764,53.9709,12.7719,1.0735335226821,23.1943,-47.676,0.6983,69833298.4,58.6466,24.966,10.318,343356005.69,-13.7517,2.7332,-6.3772,72.11,1840752863.87,6.7022,200838880.34,1281788353.87,0.0,0
002549.SZ,凯美特气,化学制品,2023,0,5.3146,0.2229,1022.4709766288,0.3922,2.2614,32.2909,0.4776,-25665397.02,-0.0392,0.8549,22.2338,6.3846,58.328012473913,-4.6825,-115.4723,0.286,204296075.01,,-4.8586,2.1414,521959429.96,-32.9698,-1.0015,-15.8696,53.55,2889048557.01,29.1911,571168318.39,925481176.26,0.0,0
688511.SH,天微电子,军工电子Ⅱ,2023,1,1.3873,0.1536,,0.1709,10.8634,10.9678,0.1232,55679628.29,0.6325,2.5105,59.1506,0.7072,6.9851209800878,35.3811,10.6446,0.1571,12568584.62,52.2906,33.7968,9.7977,237897816.07,26.8426,6.0892,0.5599,61.86,956810991.8,9.7256,140482684.67,774994199.94,0.0,0
300965.SZ,恒宇信通,航空装备Ⅱ,2022,1,0.549,0.119,588830.70417891,0.155,5.1746,12.4831,0.1426,25767080.45,0.5519,1.3716,55.8957,1.2512,1.9656946136854,18.0201,-51.2025,0.3274,19642214.63,75.9618,20.8026,4.8211,285589135.24,-3.7606,1.6687,-5.145,78.53,1576980347.16,4.3428,183777796.17,820511595.95,0.0,0
003004.SZ,*ST声迅,计算机设备,2023,1,1.0686,0.2701,-86.135930982121,0.4226,5.7009,30.4543,0.4377,25080590.9,0.31,1.1306,42.2642,5.065,11.018969964866,8.6361,-31.3329,-0.0151,-1234530.81,48.4116,8.2743,5.3099,297765426.54,-11.8131,2.4214,-1.8144,68.52,1167749579.4,29.1968,279777844.68,643193551.71,0.0,0
603030.SH,全筑股份,装修装饰Ⅱ,2021,1,1.9317,0.4084,-155.48803349497,0.4775,1.0282,84.3766,6.9459,-1122894827.27,-2.3418,7.5757,0.5252,7.2574,-51.168648729153,-31.8022,-1070.1061,-0.4296,-249162092.54,,-31.8645,0.8995,-166133344.32,-25.4856,-11.3463,-81.2179,53.0,9284483259.11,-11.6486,4041785250.52,210926695.62,0.0,0
300432.SZ,富临精工,电池,2023,0,5.0306,0.6608,408.96495374168,1.1653,1.0788,55.8915,1.266,-652149756.38,-0.4457,2.3405,5.4569,5.2925,-16.063344444792,-10.1159,-184.1169,0.2492,304908406.25,,-12.2543,0.9065,-48652881.13,-21.5806,-7.4803,-29.9489,46.98,9102995664.37,9.2349,5761265898.84,345100128.12,0.0,0
002602.SZ,世纪华通,游戏Ⅱ,2022,1,4.2156,0.3171,402.68010561982,1.3337,1.6076,24.3821,0.3392,-6273133594.73,-0.93,8.4285,51.5152,9.1929,-22.155365513605,-58.73,-369.7639,0.2,1490840725.58,,-57.4761,1.3542,3300758844.41,-18.8266,-17.3354,-33.7954,42.25,32659522324.23,-17.7631,11475126037.46,2887274227.45,0.0,0
301330.SZ,熵基科技,计算机设备,2022,0,5.6634,0.6686,4014.2538980484,0.8638,5.6874,15.1935,0.1817,187379931.54,1.5027,5.5604,44.4563,2.7588,122.77496015196,10.6357,12.4715,0.8386,124520033.18,94.5884,11.2774,4.9058,842547003.75,-1.8784,6.5302,-4.5256,75.25,3655960456.3,75.5207,1918559191.76,2441525652.61,0.0,0
002494.SZ,华斯股份,服装家纺,2022,0,7.2545,0.1786,1076.6355824296,0.4671,1.3169,26.2578,0.3476,-313309988.71,-0.8376,1.0363,-18.2304,0.951,-20.309162637105,-101.3059,-1913.9581,0.1115,42064008.69,,-100.2396,0.4926,-333419181.34,-23.3145,-17.5865,-23.5931,38.74,1650960568.89,-13.6581,318247612.46,132349112.55,0.0,0
603595.SH,ST东尼,消费电子,2023,1,2.5081,0.383,-275.43117851129,1.0802,0.6888,66.2434,2.2622,-859977366.76,-2.61,1.1061,12.7345,2.9713,-17.355743175369,-45.3003,-868.9482,-1.4607,-339538839.44,,-53.4366,0.4363,-263880921.2,-2.7639,-17.9353,-41.2624,64.31,5301496325.0,23.6269,1836391041.14,-773923260.99,0.0,0
000793.SZ,*ST华闻,出版,2023,1,1.9141,0.1297,212.7672344306,0.4332,0.9141,61.7561,2.132,-1139872790.21,-0.5507,1.7161,21.196,66.3127,-53.691077619509,-207.2226,-60.9096,0.1027,205074426.26,,-215.8604,0.855,-4697661892.91,-2.2714,-26.0852,-44.4561,28.9,3296861605.68,-39.4264,566616112.88,-95943369.92,1.0,1
300899.SZ,*ST凯鑫,环境治理,2023,1,1.3257,0.1739,6863.0457146106,0.1912,11.0016,8.7361,0.0957,12484924.71,0.2443,4.0408,36.848,1.4145,0.08342615003604,12.5146,-43.063,-0.0626,-3995523.15,51.85,12.6031,9.7443,211279302.1,-19.11,1.7425,-1.8143,58.18,723960803.05,2.1097,124627815.87,605434037.81,0.0,0
000909.SZ,*ST数源,房地产开发,2021,1,3.8312,0.3086,309.99990370703,0.4949,1.2874,54.5554,1.2899,211931472.8,0.1472,62.9302,23.8884,0.8967,2.291885233247,7.8323,57.6049,0.5101,231509237.28,81.0707,9.482,0.5771,421571756.54,14.417,4.868,0.7066,57.73,4379192283.94,1.1846,1343398764.72,587569702.18,0.0,0
300343.SZ,ST联创,化学制品,2023,1,8.7167,0.3366,2202.0190297822,0.517,2.2733,28.9739,0.4476,31944354.58,0.0112,2.0866,15.957,4.732,2.5488682118663,1.1161,-98.0392,0.2021,230286730.65,55.0132,3.3367,1.9879,-2091194286.8,-49.7923,1.0384,-41.2354,17.09,3068325252.87,-0.5256,1035615955.71,1073103050.58,0.0,0
603721.SH,*ST天择,影视院线,2023,1,2.0099,0.2547,11018.686065356,0.488,3.7153,37.2591,0.6404,-33291665.76,-0.07,0.8107,22.3445,4.9497,-5.1894897991014,-4.2504,-154.9263,0.3216,41810295.19,,-13.737,3.2305,154244951.48,9.3136,-3.6551,-4.5413,53.03,884601416.84,-5.596,232005654.83,328347780.67,0.0,0
002251.SZ,步步高,一般零售,2021,1,59.5924,0.466,953.8193501928,2.5191,0.2725,76.442,3.404,298091780.02,-0.22,3.4351,33.5028,5.0964,-0.69895355241495,-1.2513,-264.822,3.7859,3270655104.9,,1.4662,0.1169,488668529.66,-15.0936,1.0479,-4.0285,59.11,32343243508.23,31.7383,13360511594.2,-13332453394.66,0.0,0
603999.SH,读者传媒,出版,2023,0,8.8039,0.5221,134548.01714153,0.7828,3.8912,21.2131,0.2727,54227674.36,0.17,7.1518,17.9677,5.3997,4.8071138696331,7.3499,14.2765,0.3385,194965714.4,73.4838,5.8926,3.4042,1158033031.56,0.2438,2.187,0.5257,63.82,2510866704.07,2.5616,1294615276.17,1243523538.67,0.0,0
300225.SZ,*ST金泰,化学制品,2023,1,2.9335,0.6118,-328.2789863088,0.8932,2.1546,34.7654,0.5408,21092501.57,0.03,3.2959,26.4702,5.0442,6.8402171040697,2.0155,113.5192,-0.02,-10022131.99,54.2023,2.4311,1.7449,289967350.59,16.089,1.7563,14.4059,22.7,1282061434.1,14.4832,734743233.88,497979425.9,0.0,0
603709.SH,中源家居,家居用品,2023,0,8.7972,0.8919,1288.744123188,2.6043,0.935,56.4527,1.2964,31729557.64,0.22,2.9056,25.3233,5.1512,4.1656795451099,1.9338,150.9978,1.1014,105731631.34,66.5681,2.1866,0.5287,171065046.63,52.5239,2.5698,10.7631,75.99,1359580211.54,22.5024,1101285293.1,-36806138.61,0.0,0
603557.SH,*ST起步,服装家纺,2023,0,0.6022,0.2123,-82.661859112879,0.323,0.9508,93.7984,14.5487,-502045248.19,-1.3274,1.7134,37.5122,1.3578,-90.226117562922,-245.6456,-36.5215,-0.0582,-31352995.2,,-172.5779,0.7265,-1337703192.42,-23.8365,-39.8158,-135.4618,48.74,950693969.19,-39.4903,267702872.63,-32179950.96,2.0,1
300798.SZ,锦鸡股份,化学制品,2023,0,4.1202,0.4083,-9889.3217011383,0.7851,2.1793,28.3825,0.3963,20490923.93,0.0379,4.7866,13.1172,3.9575,26.872910805206,1.6719,109.132,-0.1339,-62768707.6,129.2963,3.816,1.5768,596925482.42,5.2787,0.8827,0.4673,56.53,2428674751.17,9.6932,947912519.26,599890058.0,0.0,0
603959.SH,ST百利,专业工程,2022,1,4.8122,0.8557,752.31032408056,1.1115,0.9564,83.4359,5.4788,49274686.15,0.0175,34.5507,10.0647,7.5549,1.5174343978882,0.793,-70.7125,0.4997,244985440.9,-78.8184,-0.0131,0.7703,-116334409.07,209.2428,1.3096,-3.3066,49.33,4329577928.71,35.4797,3219864213.35,-155930844.31,0.0,0
603179.SH,新泉股份,汽车零部件,2023,0,4.2963,0.9282,1060.9856204922,1.3966,1.3253,62.7758,1.7028,957521872.11,1.65,4.0017,20.0496,4.0007,21.523934817839,7.6151,71.1946,1.2107,589994936.32,100.844,8.777,0.8628,2132286977.8,52.1858,8.4068,5.7369,49.77,13447165075.67,44.0877,10571883599.87,2236088225.2,0.0,0
301083.SZ,百胜智能,专用设备,2023,0,6.0568,0.3952,110983.00831164,0.5315,3.6616,19.2106,0.2408,28205128.34,0.1978,4.3111,22.5031,3.6245,3.6930029170482,8.9054,-42.8512,0.1718,30564387.54,72.3083,9.6654,2.6143,261619804.73,-4.6519,2.871,-3.7324,73.43,1019475952.43,7.8422,388260960.75,496578829.32,0.0,0
688076.SH,ST诺泰,化学制药,2023,1,3.8162,0.3406,2177.2249507329,0.8115,1.5357,38.2816,0.6257,183004500.69,0.76,1.0319,60.9698,1.1515,13.613165434222,16.0082,26.2028,1.6428,350213817.95,99.4268,18.3509,1.0784,495373375.3,58.692,6.0303,1.0479,47.06,3547245952.44,40.6354,1033548079.03,521431971.49,0.0,0
003007.SZ,直真科技,软件开发,2023,0,1.8005,0.4281,4615.6864304171,0.6438,4.6146,14.0943,0.1643,72924413.2,0.76,3.967,62.9349,4.5914,8.4000995417127,17.7469,101.847,0.1308,13601033.05,12.4655,16.4094,4.2604,437383367.34,-11.2482,7.1594,4.4388,65.91,1024945541.35,1.258,436033742.99,506781900.74,0.0,0
300366.SZ,ST创意,软件开发,2023,1,1.224,0.4583,67.778612548706,0.5839,1.5289,49.9616,0.8956,-577085267.35,-0.794,25.4706,16.5481,1.5603,-18.166745735224,-33.0538,-735.4895,0.0437,26562965.65,,-36.378,0.978,-1087248922.51,-12.1509,-15.7895,-19.9097,28.54,3427832643.94,-11.697,1674943548.78,896006754.82,0.0,0
002047.SZ,*ST宝鹰,装修装饰Ⅱ,2021,0,1.5433,0.4118,67.032574571267,0.442,1.2124,75.9311,3.1958,-1707716257.02,-1.2445,91.3493,12.8015,69.8664,-39.481461157864,-35.4825,-1588.9761,0.1231,165093689.2,,-42.0973,1.172,452988857.96,-21.5865,-15.0607,-51.9251,42.28,10648920527.44,-11.4718,4669446321.16,1696125150.64,0.0,0
301538.SZ,骏鼎达,塑料,2022,0,3.4486,0.9547,117890.41253819,1.5394,4.6786,15.7334,0.1867,127465942.06,3.81,4.4525,43.2978,3.7047,29.176139942456,21.8735,15.8951,2.64,79178160.11,96.2976,24.4804,3.2924,420631769.0,11.9036,23.3056,-3.326,,602440995.75,22.5908,522148286.88,290161035.68,0.0,0
002305.SZ,*ST南置,房地产开发,2023,1,3.7946,0.0369,318.0209029642,0.0552,0.8679,91.976,53.6541,-1293267709.64,-0.9764,2.2226,-55.0309,0.1222,-77.736402640508,-165.9672,-105.7337,0.9101,1578263193.4,,-168.7646,0.2394,-2547028243.86,-89.2163,-4.506,-96.7501,44.69,28288719445.16,-2.8341,1058848156.8,-2868245786.95,0.0,0
688179.SH,阿拉丁,化学制品,2023,0,8.7389,0.2702,833.3949849251,0.3589,10.2214,31.1613,0.4527,94725588.95,0.49,1.7857,60.1955,0.3925,6.3197607796624,21.3041,-7.4841,0.2816,55787763.73,94.651,23.6293,5.8744,320581916.11,6.5518,6.3531,-1.5387,52.71,1505553615.7,1.9693,402876481.47,1011154826.05,0.0,0
300925.SZ,法本信息,软件开发,2023,0,3.2989,1.4276,270.64345678473,1.5021,3.7592,25.8803,0.3492,144285896.01,0.3,207.3438,21.204,100.3557,36.992429503299,2.9092,-12.5658,0.2754,117940483.77,73.8183,2.9974,3.6882,659142421.53,8.3311,5.3026,-3.0591,45.41,2767537119.15,3.4756,3884572474.23,1923539128.01,0.0,0
002528.SZ,*ST英飞,计算机设备,2022,1,1.4563,0.3646,-107.62462894951,0.4801,1.2088,71.3747,2.4612,-879544542.68,-0.8087,20.2794,11.3927,3.7882,-42.762963395726,-53.0639,31.7082,-0.0709,-84973972.82,,-50.7281,0.8167,-2290419751.74,-37.256,-17.4126,-7.4155,65.47,4369196015.82,-23.7912,1841452090.39,596115612.41,2.0,1
300477.SZ,ST合纵,电池,2023,1,2.347,0.3485,-1808.2288776939,0.6815,0.8817,76.1569,4.0129,-779276644.7,-0.6,1.2196,10.877,3.8381,-22.380577442856,-28.3623,-9044.3802,-1.9063,-2043579458.78,,-29.3725,0.6825,-727451000.66,-0.232,-9.1898,-30.8892,23.83,9688182135.23,33.2373,2954985646.13,-616057242.05,2.0,1
688235.SH,百济神州,化学制药,2023,0,9.3168,0.4083,-15236.078201369,0.5281,2.3229,38.9535,0.6381,-6487065000.0,-4.95,4.7796,84.5662,1.0964,-17.235524153641,-38.5452,50.7709,-5.7527,-7793254000.0,,-50.5658,1.997,-57688265000.0,82.1305,-15.2018,14.6049,48.13,41121675000.0,-7.0154,17423344000.0,16977029000.0,0.0,0
000903.SZ,ST云动,汽车零部件,2023,1,2.9313,0.4083,-1689.0051845062,0.7802,0.7065,77.5122,3.4759,-1172293638.51,-0.67,1.6677,-5.8169,2.049,-30.873884889097,-24.3787,-3.5207,-1.0381,-2045514999.44,,-24.0055,0.4222,-1335599609.48,11.5184,-9.0036,-10.7573,38.2,12841351839.64,-2.7122,5316816774.69,-2799940541.91,0.0,0
000151.SZ,中成股份,贸易Ⅱ,2022,0,6.7919,1.0269,292.9178240702,1.3052,1.146,73.2907,4.2498,-503253614.72,-0.9852,66.4862,6.1585,16.0951,-12.336289357641,-11.1124,-4268.9133,0.3056,103102613.11,,-12.3073,1.0493,-397798449.62,95.4988,-12.2404,-40.613,55.5,4549699016.96,23.8638,4222018008.07,476248589.67,0.0,0
300948.SZ,冠中生态,基础建设,2022,0,1.499,0.3748,-501.30918905505,0.4537,2.3112,36.3541,0.5712,61507513.72,0.4016,13.0019,27.6716,68.0432,5.7794699033679,11.566,-28.0217,-0.1016,-14225035.2,68.4971,12.5279,2.2695,386744507.06,12.7654,5.0849,-5.5052,64.67,1322097613.47,20.5043,453349628.91,625800839.52,0.0,0
300175.SZ,ST朗源,农产品加工,2023,1,1.7104,0.3204,-268.04237626153,0.6446,2.0024,29.565,0.3921,-64037532.14,-0.11,0.8286,16.6596,1.8899,-9.6947728464683,-31.3203,-93.2135,-0.0124,-5841595.09,,-28.4811,1.4013,-25224561.03,2.1384,-9.3172,-5.2933,31.81,662488290.76,-6.9688,220239975.13,165403912.94,2.0,1
603718.SH,*ST海利,动物保健Ⅱ,2023,0,2.6416,0.1518,-155.26355801659,0.3922,1.3489,29.1333,0.3968,58734279.13,0.1,1.3674,51.3945,0.9447,6.7213138634643,20.7765,-48.3009,-0.0127,-8367280.38,-20.0904,22.9187,1.0808,398406724.42,-19.7568,3.7033,-5.9997,58.45,1657749783.34,9.4764,240722981.59,145514244.37,0.0,0
600777.SH,*ST新潮,油气开采Ⅱ,2022,1,7.7916,0.3254,1866.306117197,3.2619,1.0107,46.0609,0.8539,4612116959.54,0.46,11.4903,65.5258,20.7074,38.383786718757,33.4294,756.6262,1.1579,7874210624.89,110.4009,48.6659,0.9532,2792839632.83,94.0721,16.0379,18.5337,31.96,31318500770.1,19.5515,9356969451.65,34858660.08,0.0,0
603828.SH,*ST利达,装修装饰Ⅱ,2022,1,2.2871,0.3997,-391.88910635718,0.6173,0.9032,82.7584,5.0311,-345159597.19,-0.56,4.6145,2.2495,136.5229,-29.295732520426,-16.5536,7.9347,-0.3868,-230517475.98,,-18.3428,0.8689,27609628.46,-19.0646,-6.6122,-6.44,61.22,5246181162.68,1.0077,2086399306.87,-355586061.59,0.0,0
002052.SZ,同洲电子,黑色家电,2023,0,3.1143,0.5657,-1528.1527108671,1.0017,0.5887,101.6703,46.7112,-81679625.68,-0.1,5.5983,-4.3662,5.8703,-89.939824208211,-35.3353,-57.1398,-0.0262,-19524559.25,,-33.1455,0.3265,-1760460078.24,-7.9299,-19.6966,-85.3665,39.02,388110230.91,-12.0466,234601529.52,-137161278.52,1.0,1
003007.SZ,直真科技,软件开发,2021,0,1.6724,0.319,-18922.480187905,0.422,3.6815,19.4178,0.242,-72967636.34,-0.68,2.6237,42.8535,4.3159,-11.41074203675,-21.5211,-205.769,-0.3963,-41217943.56,,-22.2067,3.3655,330174395.21,-24.6191,-6.9611,-17.9107,73.86,1011699560.22,-6.734,334359784.18,497474799.6,0.0,0
002425.SZ,凯撒文化,游戏Ⅱ,2022,1,1.2552,0.1142,1022.2522330032,0.4499,2.2679,11.7135,0.1367,-760876789.83,-0.7226,69.2255,9.4826,,-14.142288839681,-124.3055,-1114.0344,0.11,107724353.95,,-123.1712,1.8332,581304720.32,-33.4002,-13.9914,-16.2135,27.68,5027663969.26,-14.0372,621264570.71,667665742.71,0.0,0
300462.SZ,ST华铭,计算机设备,2023,1,1.1225,0.2662,972.51772000185,0.3509,3.5309,32.0832,0.4817,-9482959.82,-0.03,9.756,31.3469,1.0393,-6.47919695041,-0.6991,-109.5793,0.6165,111721254.36,,-3.6742,2.4845,484235447.53,-3.6917,-0.4202,-4.3617,42.35,2188533011.1,-5.8911,600791627.85,1178893756.63,0.0,0
000989.SZ,九芝堂,中药Ⅱ,2022,1,8.7219,0.5751,13182.63181764,1.0826,2.3576,24.6827,0.3274,451810303.2,0.4182,2.7064,58.7297,1.6058,0.35077378738058,11.6884,32.246,0.5831,499132759.89,51.2417,14.9714,1.7071,1592400529.27,-19.843,8.5657,2.143,58.99,5283715051.58,0.3453,3033265859.73,1636144250.43,0.0,0
600503.SH,华丽家族,房地产开发,2023,0,59.0984,0.0355,-17811.836713616,0.0478,5.5241,14.0366,0.1626,78238652.89,0.0362,4.0664,58.5816,0.0366,-1.8652254267106,34.3904,-24.2092,-0.2168,-347304714.45,64.3032,54.8505,1.5777,1575680293.51,-23.6366,1.7196,-0.4848,18.09,4223037446.68,-13.4015,161477429.63,2596054361.43,0.0,0
603869.SH,ST智知,IT服务Ⅱ,2022,1,0.9234,0.1945,-537.19729352674,0.281,3.7514,18.0268,0.2215,-12769937.63,0.04,2.6955,33.4339,4.8264,-0.1977445034911,2.0915,-36.9456,-0.0619,-31210016.16,-492.1501,0.2517,3.1619,872600604.91,10.965,-0.2579,-0.2685,63.65,4836188233.4,-4.5508,962929945.54,2364888494.93,0.0,0
002748.SZ,世龙实业,化学原料,2022,1,29.0327,1.2931,563.98189907523,4.1819,1.3191,34.9682,0.5524,232652707.45,0.751,2.3337,17.7438,12.183,15.303356179256,6.9552,-7.8883,0.39,93806074.31,106.2777,8.8605,0.9062,770960481.22,19.182,11.6078,-3.9559,60.24,2119744392.08,12.2265,2591724266.92,182520777.74,0.0,0
300096.SZ,ST易联众,IT服务Ⅱ,2022,1,2.2455,0.3537,-1325.1822997317,0.6077,0.8466,71.3207,3.2508,-350018403.21,-0.7438,7.9732,57.6831,1.4475,-51.763712203016,-74.1505,-192.6941,-0.281,-120834468.82,,-66.3552,0.5575,-214709043.34,-38.0977,-22.9588,-52.5473,35.8,1379003291.77,-17.4298,539169940.15,-148565001.94,0.0,0
605081.SH,*ST太和,环境治理,2023,1,0.3267,0.1019,-50018.570542089,0.139,4.2503,22.042,0.283,-242239820.68,-2.54,0.7654,6.0302,3.1785,-18.01003426892,-157.1666,-79.3064,-0.5525,-62565748.97,,-125.8684,4.042,-35160041.36,-10.8943,-13.4859,-10.4401,44.91,1680635157.5,-12.0939,183029511.48,896236643.4,0.0,0
002062.SZ,宏润建设,基础建设,2023,0,3.5563,0.4018,906.38125862623,0.5198,1.2231,70.864,2.5442,497008725.05,0.31,6.7408,15.188,2.7892,5.7844247171803,5.9124,-6.9515,0.9185,1012606895.49,86.3461,7.0171,1.0146,3167733072.16,-26.1323,3.1077,-1.1442,58.6,15600933131.48,-4.783,6425664306.1,2170614447.53,0.0,0
002917.SZ,金奥博,化学制品,2022,0,3.1925,0.4578,-87.359853139683,0.83,1.5141,44.6647,0.9408,2613462.57,0.074,2.0879,26.9098,4.4096,88.732022832054,-1.6976,-36.6957,-0.0814,-28278491.25,,-1.6732,1.2606,303935977.86,46.36,0.1003,-2.9421,59.07,3060677777.88,42.3019,1192994857.32,599923124.06,0.0,0
300716.SZ,*ST泉为,光伏设备,2023,1,8.2457,0.9435,427.52633068375,2.0032,0.472,75.5108,5.6692,-133930886.21,-0.8659,3.4288,5.7737,6.2068,-49.486754919801,-14.3792,-1838.0866,0.5408,86532816.78,,-12.0678,0.2224,-469307279.29,-8.7243,-10.8418,-66.0944,39.9,1101066114.53,-19.6045,1165481751.18,-357183000.42,0.0,0
300896.SZ,爱美客,医疗美容,2021,0,28.3413,0.2926,44157.728201308,0.354,21.2964,4.4669,0.0468,1069766356.58,4.43,10.1343,93.6963,2.9566,10.934225061189,66.12,117.8058,4.3575,942779508.0,95.8929,77.8122,20.8083,1406087282.07,104.1297,21.6169,3.0937,67.31,5264825778.13,13.6456,1447872001.48,3624663517.18,0.0,0
300205.SZ,*ST天喻,通信设备,2022,1,3.6217,0.5561,329.02731527286,0.8808,1.2051,54.421,1.202,122327869.39,0.201,5.4507,30.2038,3.2029,6.2873851393866,4.8227,157.6773,0.2377,102217306.5,69.0802,5.7574,0.9434,420896639.8,25.2729,3.7964,16.9789,48.97,3285529940.48,4.0077,1791779939.08,356010912.67,2.0,1
002848.SZ,*ST高斯,黑色家电,2023,1,1.76,0.5722,66.709333159812,0.9149,0.8907,68.0577,2.1329,-70755177.81,-0.4913,2.3207,7.2337,2.9333,-37.205185923001,-28.3844,-1381.6918,0.0532,8889998.11,,-28.9076,0.6783,-268953426.44,-22.4773,-13.7688,-43.2082,40.02,435174646.52,-26.5633,294040174.12,-31193657.63,0.0,0
603023.SH,威帝股份,汽车零部件,2022,1,1.5711,0.0929,-19319.942505757,0.116,16.1011,5.5523,0.0585,-11665123.84,0.008,0.5889,37.2287,0.4383,0.57737126373827,1.1039,-34.1517,-0.0221,-12403636.86,,-2.1361,13.0788,121196324.18,4.47,-1.461,-0.305,61.15,808832167.95,2.6348,74170420.07,589034711.83,0.0,0
300555.SZ,ST路通,通信设备,2021,1,0.7722,0.2399,-2901.2240865723,0.2936,4.0813,20.033,0.2539,-18524863.98,-0.081,2.2343,18.1012,2.3429,-2.0524306285537,-7.8001,-577.2767,-0.2292,-45830576.26,,-11.5819,3.5141,253314201.24,2.2898,-2.312,-3.1035,40.58,793521269.84,-1.9116,192260289.14,484745887.46,2.0,1
301636.SZ,泽润新能,光伏设备,2023,0,3.8181,1.0727,8940.4945261063,1.32,1.5843,53.6793,1.1589,134497160.62,2.51,9.5121,26.5503,7.5093,40.891762370006,14.2303,39.0611,3.79,181395932.14,93.129,16.219,1.4139,164938034.07,61.7675,17.088,-4.8834,,964784282.33,58.3197,844305955.06,287733561.51,0.0,0
603838.SH,*ST四通,家居用品,2023,1,2.4812,0.1711,,0.2646,28.3351,5.8582,0.0622,-38674421.16,-0.1168,0.6904,4.2297,1.4747,-4.7983736304139,-20.1087,-43.3824,-0.0294,-9414413.21,,-18.9863,23.3546,260911506.69,-21.6418,-3.5622,-1.2147,63.07,1057200749.89,-5.1113,185805013.84,667539940.1,0.0,0
002075.SZ,沙钢股份,特钢Ⅱ,2021,0,784.7015,1.2935,7493.2514860292,2.2549,1.5038,37.4521,0.9406,2661301124.0,0.51,4.5543,17.8582,7.919,17.290961682653,11.4217,71.251,1.3915,3070654574.17,89.0682,14.271,1.0827,4686922506.1,28.1414,18.621,6.8472,42.47,15394589855.74,16.721,18487246481.64,2800792494.43,0.0,0
300376.SZ,易事特,其他电源设备Ⅱ,2022,1,1.3279,0.3448,181.0094991446,0.6211,1.8773,51.1752,1.1135,665599388.9,0.16,1.2912,27.5478,3.3985,6.559300032041,8.6824,-28.0718,0.1825,424815483.54,77.7081,10.0329,1.4177,3653922674.22,18.9649,4.8407,-2.8036,60.23,14076290938.54,4.8589,4741640834.39,3774701973.89,0.0,0
301191.SZ,菲菱科思,通信设备,2022,0,7.3417,1.1579,4864.5968062474,1.329,2.9128,33.8272,0.5112,208370617.28,4.09,13.0002,15.4735,2.8671,214.38832407693,8.3045,15.6826,4.6361,247288407.48,89.1546,9.1844,2.0659,599976552.55,6.5417,10.2571,-21.6232,70.95,2386522723.27,42.3562,2352255017.36,1364599429.22,0.0,0
002721.SZ,金一文化,饰品,2021,1,1.0806,0.3257,90.684344421606,0.3867,0.9624,96.796,16.511,-1066078764.26,-1.35,7.6888,9.8793,0.7144,-73.182552559293,-48.4294,58.3921,0.4204,403528080.56,,-48.1168,0.3943,-3752728708.0,-24.2645,-11.767,-14.7546,53.92,8417709476.65,-13.2378,2950792946.32,-272696295.04,0.0,0
603609.SH,禾丰股份,饲料,2022,0,38.2293,2.3136,117.4784128426,5.2583,1.7102,45.712,0.9724,782377757.04,0.58,9.6788,6.0115,10.1901,11.932451578875,1.6369,333.2491,0.2135,196266510.34,75.2908,2.0011,0.6817,5422862571.36,11.3436,5.5165,5.7027,65.59,15393315399.76,18.6702,32811758209.54,2950755103.83,0.0,0
688136.SH,科兴制药,生物制品,2023,0,4.1152,0.4068,-222.65575405546,0.9894,1.692,46.1978,0.8612,-227578519.14,-0.96,1.6108,70.791,1.8408,-10.083601550341,-15.5267,-110.7424,-0.4374,-87135344.61,,-20.3514,1.3661,145303948.26,-4.3196,-7.3533,-6.2257,70.78,3031093090.3,-4.0402,1259035602.11,463629353.79,0.0,0
002093.SZ,国脉科技,教育,2021,0,2.8323,0.1164,-177.99820105743,0.1973,4.2175,17.1541,0.2061,112354946.27,0.0971,0.6774,67.8746,0.1075,2.6994087742781,20.7891,20.9534,-0.0121,-12204714.08,66.8274,22.7037,1.5194,1043602013.7,10.2552,2.7221,0.4356,56.67,4192953007.01,3.2257,480474456.51,1878838384.13,0.0,0
002028.SZ,思源电气,电网设备,2023,0,3.1682,0.7235,34972.052043322,0.9288,1.8796,43.0646,0.7769,1740627062.0,2.02,8.9176,29.4998,3.3027,13.23465098832,12.9094,27.748,2.9359,2272114969.14,86.4757,14.2703,1.4557,9386668651.32,18.2492,10.107,2.0317,48.72,18733339007.0,19.2405,12460028391.72,6905689802.81,0.0,0
002808.SZ,*ST恒久,光学光电子,2021,1,2.5104,0.396,547.73092986868,0.5307,2.3241,32.079,0.4738,-49717622.62,-0.161,2.6185,12.2275,2.5325,-11.123665381569,-21.4138,-2318.7141,0.0691,18578419.08,,-20.0668,1.8801,79271881.68,-21.0665,-8.2835,-10.0082,57.43,579770653.99,-6.5843,237676536.68,241585771.18,0.0,0
300820.SZ,英杰电气,其他电源设备Ⅱ,2021,0,9.8316,0.3806,3763.2380584537,0.4029,2.2196,42.5859,0.742,178596622.33,1.65,10.1875,42.1663,0.6564,12.168840251945,23.8459,50.5954,0.0962,9168514.24,82.8875,27.663,1.0884,606177236.88,56.8692,10.2985,0.8646,74.78,2071194104.26,48.237,659956402.43,1068031330.82,0.0,0
300052.SZ,中青宝,游戏Ⅱ,2023,1,3.1141,0.2801,2319.335569175,1.0844,0.7651,48.8295,0.9159,-45039423.95,-0.21,0.9402,32.9885,7.7746,-15.4113279774,-21.2415,6.2227,0.21,53712879.91,,-20.2317,0.4849,-97345310.48,-5.7194,-4.8692,-0.7368,21.26,897546691.5,-5.7613,259044827.65,-72815405.53,0.0,0
002822.SZ,ST中装,装修装饰Ⅱ,2022,1,1.9986,0.5543,-178.49289646004,0.6628,1.7526,61.8251,1.6775,148319966.15,0.02,18.767,12.8211,10.7715,-0.37044144361999,0.4035,-87.6208,-0.2951,-210631345.65,84.9834,0.9363,1.6276,1332088378.98,-16.9819,1.5775,-2.3085,40.74,9609526408.05,4.5062,5212020691.14,3383961550.17,0.0,0
603822.SH,ST嘉澳,化学制品,2023,1,23.1932,0.8235,422.75199996329,2.3278,0.5497,61.3454,2.1068,30092254.74,-0.0975,2.6576,5.2769,4.4105,-0.93465306985738,-0.1962,83.9209,4.1179,317721128.26,,-1.3503,0.2026,472569749.34,-16.9815,0.9295,4.1106,58.03,3512490630.95,18.5684,2666102742.63,-825143497.0,0.0,0
300125.SZ,*ST聆达,电力,2022,1,8.653,0.7203,754.66102124755,2.3257,0.8455,69.1144,2.2378,27767489.8,-0.06,1.3262,12.1182,28.0643,-1.0729267645367,-1.0596,76.1677,1.2639,335565386.7,,-0.6393,0.7395,-251162971.33,47.9391,1.2519,7.9738,32.41,2135437464.92,-7.1768,1597551813.25,-110798264.1,0.0,0
300419.SZ,ST浩丰,IT服务Ⅱ,2022,1,6.2947,0.8286,-2133.9908494417,1.0237,1.6354,45.7093,0.8419,51393826.87,0.11,9.1109,14.5544,2.8742,-23.379559973086,3.7652,214.5335,-0.4229,-155525651.31,71.5959,4.0681,0.8867,-324604250.74,78.9095,4.0198,9.9235,20.98,1127098935.14,-21.1797,1059391158.24,318047824.7,0.0,0
688175.SH,高凌信息,军工电子Ⅱ,2023,0,1.6852,0.1749,52010.58325719,0.1939,9.8499,9.4365,0.1041,40567835.29,0.5,10.1831,50.8663,1.5229,1.5024417878158,12.8856,-47.9156,0.7148,66410342.56,10.5747,13.2535,9.1249,265218691.79,-31.1254,1.9909,-4.5094,71.73,2066963445.52,2.9192,356394236.5,1580535283.33,0.0,0
600730.SH,*ST高科,教育,2023,0,9.4293,0.0589,-172722.34300976,0.1017,14.1816,13.3027,0.1552,-4920917.29,-0.005,44.0322,73.9834,1.6906,-0.1514400673157,-0.3475,96.9069,-0.104,-61027864.55,,-4.0234,13.9148,848000649.87,0.0934,-0.2355,4.6259,25.89,2056710662.12,-3.1311,123177819.62,1096898288.92,0.0,0
002299.SZ,圣农发展,养殖业,2021,0,18.3431,0.9057,1355.3293968309,3.755,0.6684,41.7771,0.7186,644310071.66,0.3619,1.4232,8.7087,5.4585,4.0838645391611,3.1244,-78.0431,1.4812,1842563426.53,77.507,3.6241,0.2228,4520219495.09,5.3373,4.0304,-15.7226,66.49,17043553749.83,14.1638,14478196536.2,-2092748235.41,0.0,0
600360.SH,*ST华微,半导体,2022,1,4.3532,0.2854,458.04761988815,0.4594,2.0171,52.9853,1.1277,150623645.74,0.06,1.2764,21.1424,6.283,0.69204316789104,3.0593,-50.0906,0.512,491660397.56,17.0325,2.6943,1.8524,1126681870.04,-11.6246,2.2006,-1.8631,26.41,6902141258.2,1.6962,1953144398.94,2133164169.65,0.0,0
002951.SZ,金时科技,其他电源设备Ⅱ,2021,1,5.6553,0.2229,,0.5837,4.6527,9.5347,0.106,59203522.81,0.14,1.3716,33.3698,3.929,13.959164596305,14.2275,-70.5382,0.3519,142521692.1,86.7906,16.5533,4.1235,465429300.8,-39.4785,3.4104,-10.1434,84.57,1787294816.25,6.0909,386991754.17,474236772.82,0.0,0
002906.SZ,华阳集团,汽车零部件,2023,0,2.8469,0.8677,1753.022838699,1.2662,2.1074,36.4552,0.5763,479460428.04,0.94,4.4531,22.3609,4.4092,42.601582848222,6.5818,22.1731,0.8435,442218585.04,84.5133,6.6342,1.645,3132708162.07,26.5866,5.8294,-0.2883,67.55,9452636036.47,35.0956,7136862025.63,3508253730.08,0.0,0
002366.SZ,融发核电,其他电源设备Ⅱ,2023,0,1.7304,0.0976,-5985.2129314128,0.1647,3.794,38.0161,0.6824,187166789.06,0.098,0.4985,21.8782,0.8624,2.0240655778563,26.8974,-49.3842,-0.3607,-750539091.53,-19.6226,-0.1216,2.8843,-431446232.04,46.7718,2.4524,-13.9489,63.16,8347950021.86,20.7069,744831875.11,3335134571.73,0.0,0
300645.SZ,正元智慧,计算机设备,2022,0,1.9172,0.5107,211.50388978362,0.846,1.2792,49.9696,1.2151,81973734.92,0.52,3.6353,38.2635,2.606,32.571141652874,6.9451,21.9127,0.2907,40794469.8,-27.1723,6.1221,0.9927,409169431.42,12.3994,3.9308,0.0405,39.43,2419211604.33,38.1141,1065042890.31,294120781.42,0.0,0
300137.SZ,先河环保,环保设备Ⅱ,2022,1,1.3709,0.4168,-17792.55503972,0.5338,4.7842,16.9082,0.2074,-96076575.01,-0.18,4.6129,38.7218,1.9722,-7.2608238195397,-9.274,-238.3521,-0.27,-146868204.32,,-9.2444,3.8592,992593690.11,-9.272,-3.9724,-8.3515,22.76,2332375607.77,-6.8843,1008131304.72,1435577596.13,0.0,0
603559.SH,ST通脉,通信服务,2021,1,0.8892,0.3245,-29.478164499645,0.4072,1.3405,65.6212,1.8852,-367911163.54,-2.49,9.6049,9.7861,1.274,-41.511784313084,-67.6296,-11161.3863,-0.0344,-4935620.04,,-72.8305,0.867,-110668642.19,-18.3376,-22.2329,-52.1126,16.67,1458858411.74,-21.1751,536988161.19,318327953.96,1.0,1
300211.SZ,*ST亿通,通信服务,2023,1,3.6386,0.3063,121247.16426704,0.4285,5.8708,12.7878,0.1466,-16031460.33,-0.0018,2.4631,30.2778,4.1234,0.6267582372127,-0.3051,-102.2161,0.1223,37164729.29,,-4.2359,5.2125,161990989.26,-46.1194,-2.6952,-5.1037,59.13,596679064.54,0.6255,182219925.61,347442655.28,0.0,0
002281.SZ,光迅科技,通信设备,2022,0,4.3507,0.7133,4401.3245102262,0.9726,2.2452,38.2923,0.6198,609143281.37,0.9,5.5641,23.6075,2.3306,10.411092226913,8.8772,7.2525,0.9156,639235162.17,87.0377,9.9253,1.4112,3143321037.08,6.5612,6.2859,-0.3048,48.91,9903392743.45,4.4891,6911881248.07,3844642479.04,0.0,0
001234.SZ,泰慕士,服装家纺,2023,0,5.5687,0.7134,6823.5892743244,0.9823,3.4201,20.9915,0.2657,68406826.55,0.61,3.7954,18.5591,4.5851,1.3422879721228,8.1605,-15.167,0.4687,49989729.66,76.5703,9.0245,2.7876,257084457.13,7.6616,6.1088,-3.9684,74.14,1133137281.34,2.4077,798868205.28,564803590.64,0.0,0
600119.SH,*ST长投,物流,2022,0,5.864,1.6049,1034.758609083,2.2173,1.5478,53.7846,2.1103,1700167.09,-0.04,16.8051,5.2705,31.3469,-6.7015129294815,-0.8218,89.4784,0.2428,88676626.25,,-0.3237,1.4253,-690780258.71,15.5189,0.2146,41.3872,53.37,773649728.44,-4.6072,1271575887.23,204692095.75,0.0,0
301218.SZ,华是科技,IT服务Ⅱ,2021,0,2.1989,0.7965,,0.9011,1.6933,52.8098,1.1417,69903048.09,1.05,9.926,26.0738,2.2558,21.611641246996,11.8597,14.6004,0.2655,15140362.44,79.3706,13.6426,1.1899,197197374.88,12.0941,10.6178,-1.3781,96.3,729883124.69,24.3769,524370122.5,267229552.87,0.0,0
688039.SH,当虹科技,IT服务Ⅱ,2022,0,1.0747,0.1937,-1221.164326924,0.2768,3.7324,15.4902,0.1845,-124105110.81,-1.23,10.8124,27.3351,4.1637,-10.943029584984,-29.7163,-260.7046,-0.4718,-37893330.61,,-34.4685,3.2227,161013171.08,-20.7456,-7.2536,-10.8895,57.37,1625034419.55,-9.5613,331441118.78,668793379.94,0.0,0
600169.SH,ST太重,专用设备,2023,1,1.5288,0.2654,41.561527794554,0.3773,1.3327,80.367,5.1553,727230446.42,0.0551,2.1933,20.8072,0.6822,9.2513151093565,1.9648,-14.3453,0.0695,234891410.2,7.2277,2.3108,0.6936,-576182895.11,4.1246,2.3054,-0.8365,51.29,31776082401.75,1.474,8371212304.72,5478198811.93,0.0,0
002564.SZ,天沃科技,专业工程,2021,1,1.5051,0.2769,-126.42579590449,0.3304,0.9895,97.0416,51.0692,-1341599232.13,-1.55,6.0405,15.8192,2.6023,-72.890696688606,-19.728,-39.9787,-0.708,-615484148.17,,-23.649,0.7963,-2558736043.13,-15.5623,-4.8406,-73.4632,35.12,26424599204.16,-8.9019,7674906584.02,-230075180.01,0.0,0
603261.SH,*ST立航,航空装备Ⅱ,2023,1,0.7383,0.2061,-1983.6468598291,0.2868,3.1381,25.2828,0.3384,-80558384.49,-0.89,1.846,13.8213,1.3428,-6.7845598366302,-29.1157,-294.6448,-0.673,-52707622.94,,-29.2555,2.3638,206874108.73,-36.5502,-7.0767,-13.0913,72.24,1092240664.16,-7.7867,234616279.52,501469181.04,0.0,0
002989.SZ,中天精装,装修装饰Ⅱ,2023,0,,0.2496,-211.77971518149,0.3072,2.9481,43.834,0.7804,-38543085.23,0.05,4.6105,9.5461,76.968,-5.4591325688315,1.013,-87.6238,-0.441,-80133668.15,,-6.0041,2.9312,581437007.36,-58.7072,-1.1693,-3.4337,69.02,2968524990.68,-18.0817,822862890.35,1515531035.71,0.0,0
300334.SZ,津膜科技,环境治理,2023,0,0.9156,0.1612,-469.47811421706,0.4591,1.7282,36.183,0.6155,5432234.8,-0.04,0.9714,28.6003,2.0123,-3.4578536236916,-5.4691,94.094,-0.25,-76869244.58,,-7.6322,1.3649,-792431809.93,-17.6846,0.4346,25.3059,46.49,964954871.76,-37.1266,201518867.69,184429409.13,0.0,0
301302.SZ,华如科技,军工电子Ⅱ,2023,0,0.5512,0.1465,-15120.291938909,0.1608,10.8569,9.2262,0.1016,-313721956.99,-1.4,14.1589,38.8866,0.9402,-9.3718094096648,-61.2203,-265.7593,-1.5537,-245801323.36,,-84.5043,9.3808,336775922.29,-56.5518,-12.6969,-17.8856,57.12,2361118082.54,-8.5046,362028349.15,1851188972.66,0.0,0
300147.SZ,*ST香雪,中药Ⅱ,2023,1,3.524,0.2719,111.12937014701,1.3073,0.3534,72.0647,3.1004,-153096315.82,-0.59,0.6597,34.3483,3.4371,-16.563255598588,-17.4726,26.6186,0.3984,263441902.31,,-14.4704,0.2557,-882059942.79,5.131,-1.8101,2.2065,30.22,8280629979.39,-4.1037,2299287682.53,-3337337741.73,2.0,1
301328.SZ,维峰电子,其他电子Ⅱ,2022,0,4.8334,0.3861,70712.100988636,0.4904,13.6107,8.0245,0.0878,110252055.85,1.88,4.4043,43.7368,2.7773,363.61756294687,23.337,11.9631,1.3942,102143290.46,98.0869,24.7278,12.6662,309890853.48,17.5574,8.8636,-18.9576,76.05,2005807144.14,316.1995,480292185.12,1536892368.55,0.0,0
300300.SZ,海峡创新,IT服务Ⅱ,2022,1,1.5913,0.1117,45.207994899176,0.2863,0.5668,72.4308,2.6232,-165188372.85,-0.26,3.6953,-5.0686,14.7505,-31.911753435125,-108.0312,51.4734,0.0201,13477436.49,,-114.9389,0.5263,-1299400871.42,-65.4354,-11.2607,11.3758,33.38,1337464668.97,-16.2219,163863834.24,-370192922.23,0.0,0
000752.SZ,*ST西发,非白酒,2023,0,,0.3678,397.34585816007,0.5954,1.6729,40.627,3.3727,47700869.46,-0.0977,3.2774,30.0936,11.1908,313.02493512719,5.0693,67.3481,0.3333,87919051.05,151.3208,9.4028,1.5734,-365985759.44,21.6448,5.2075,,31.65,926558573.0,2.3298,336883697.71,232987566.78,1.0,1
600624.SH,ST复华,化学制药,2023,1,8.3153,0.3745,35.18192505436,0.6379,1.321,53.7895,1.225,11229779.23,-0.032,1.6386,43.3013,0.6094,-3.3233950563582,-3.0933,-252.5411,0.0103,7033862.4,,-0.2678,0.504,-11122465.82,-13.8562,0.6187,-1.9798,35.78,1769467818.6,-4.8882,679678938.29,251956521.78,0.0,0
603580.SH,*ST艾艾,塑料,2023,1,2.6029,0.2922,4388.6518362398,0.7533,3.1384,13.7498,0.1655,1699143.43,0.0179,0.8725,33.9555,1.1341,0.41056124519995,0.8491,183.3754,0.2315,30244486.73,-32.6082,0.8718,1.4226,233097226.13,-12.4061,0.3211,1.157,71.03,528372737.29,-0.2944,154618920.43,129645849.16,0.0,0
300326.SZ,ST凯利,医疗器械,2023,1,3.2655,0.2827,4178.4353582178,0.5416,5.1853,12.0857,0.1417,123111807.7,0.157,3.1892,51.6667,1.2924,4.3902291130784,13.2386,628.7787,0.3825,274260691.58,64.7268,14.6483,3.9141,1411267363.12,-17.991,3.639,4.7973,20.19,3354004114.33,-1.704,956259537.45,1378605087.46,0.0,0
002078.SZ,太阳纸业,造纸,2023,0,18.89,0.8024,992.05444779027,3.1069,0.7624,48.2593,0.9364,3962746207.96,1.1,1.2586,15.8906,6.7102,12.849122795703,7.8419,9.8582,2.368,6617497062.06,96.0041,8.3361,0.4195,19126076025.47,-0.5597,8.0409,-0.8736,57.51,50550753003.16,5.2834,39544343151.16,-4010999407.03,0.0,0
001202.SZ,炬申股份,物流,2023,0,11.4553,0.7805,1279.4302633073,2.2736,1.4396,42.587,0.7418,93428581.56,0.48,3.6097,14.8087,30.3941,6.1488742987776,6.2541,54.3183,1.25,160714225.28,87.6647,8.6641,1.2931,200702709.38,-8.3398,7.3338,3.15,75.55,1286566275.02,2.0021,994343254.18,118962400.57,0.0,0
000668.SZ,*ST荣控,房地产开发,2023,1,8.9999,0.0561,12.49942787432,0.0936,1.4607,40.5044,0.6808,-22626174.22,-0.34,77.0629,27.8674,0.0807,-9.5791301029627,-45.6012,-30.852,0.0246,3611557.51,,-43.6242,0.2026,864816348.6,-81.6472,-1.0828,-1.1155,50.42,1851477014.77,-20.4602,117206660.22,345373509.69,0.0,0
603608.SH,天创时尚,服装家纺,2022,1,8.0607,0.5408,428.9341039397,0.9198,5.0512,37.0435,0.5928,-127524962.0,-0.44,2.2814,58.3692,1.3547,-14.171402578814,-14.0484,-176.7737,0.2333,97923374.0,,-11.1163,3.4136,-117696223.0,-33.8948,-5.4182,-8.376,54.33,2143811124.0,-16.37,1272795480.0,953685589.0,0.0,0
301591.SZ,肯特股份,塑料,2023,0,3.3537,0.7735,33758.38599457,1.0245,6.4074,11.8995,0.1351,85595923.58,1.19,4.4133,38.1254,2.8581,19.096086136382,19.3154,2.7178,0.6985,44068851.99,95.0419,22.1608,4.9841,251520697.72,4.7251,16.9829,-3.0647,81.35,533302717.21,12.3406,389842844.02,333667225.43,0.0,0
603038.SH,华立股份,装修建材,2023,0,7.491,0.3896,716.05377413649,1.0915,2.8545,32.7262,0.495,30885348.0,0.09,1.6047,21.5655,4.953,0.87479765806692,2.5633,74.4667,0.5536,114410641.54,34.636,2.2995,1.9676,680051656.56,2.5927,1.5178,0.5883,58.53,2036575663.25,0.1608,792794236.39,447577861.66,0.0,0
002630.SZ,*ST华西,其他电源设备Ⅱ,2023,1,2.4672,0.1852,66.639575278516,0.5358,0.7935,92.4148,15.2666,53588686.38,-0.1635,2.1293,17.744,3.0584,-32.056260568456,-10.8612,74.4983,0.1956,230906579.45,,-11.4273,0.6733,-1369695157.36,117.2951,0.5316,33.7732,17.98,9997029601.31,-1.6301,1866865931.96,-941977034.84,0.0,0
688208.SH,道通科技,计算机设备,2022,0,3.9446,0.4802,-912.11643011869,0.728,4.1362,42.1515,0.7242,212606378.37,0.23,2.0664,57.0073,0.9238,6.546361154954,3.6022,-76.7438,-0.8475,-382964140.27,76.012,8.3558,2.5407,1196125565.29,0.5255,4.5068,-12.8181,55.05,5233545202.19,24.5659,2265555176.93,2689975409.09,0.0,0
603628.SH,清源股份,光伏设备,2023,0,2.8572,0.8156,280.91777187346,1.4755,1.749,49.7324,0.9945,218698319.32,0.62,2.3739,22.5846,7.1134,13.114811296506,8.716,54.5597,0.1974,54050232.65,95.296,10.4246,1.3624,576182199.71,34.2958,9.2108,3.9728,59.2,2486775164.49,9.939,1936454309.7,565799777.24,0.0,0
300268.SZ,*ST佳沃,农产品加工,2021,1,12.4153,0.4122,96.668923443641,1.3605,0.6335,90.7209,16.2425,-98933008.24,-1.6572,3.0623,6.075,1.7788,-32.016904852246,-7.1717,59.525,1.7445,303886024.78,,-9.5882,0.135,-1424574814.46,1.5958,-0.887,105.3673,59.58,11300420797.67,2.6731,4597218164.16,-1929118231.17,0.0,0
603398.SH,*ST沐邦,光伏设备,2023,1,7.2782,0.4267,1017.8585312201,1.2984,0.4679,83.7729,5.1478,66921315.63,0.08,2.643,17.4156,3.6991,3.9307527138624,1.6007,112.3658,1.1379,389878457.81,7.023,1.8894,0.3333,-11053459.0,75.1547,1.7265,31.4082,57.43,4575288645.26,44.013,1654025846.74,-1649364155.27,0.0,0
600119.SH,*ST长投,物流,2021,0,3.8123,1.2177,860.94592690873,1.8971,1.4927,54.2932,2.0835,-130008067.56,-0.37,10.6996,9.2308,26.3205,-39.15943370907,-12.8249,-39.4136,0.2584,94378369.03,,-12.8059,1.3435,-676570605.86,120.3859,-14.3825,-13.0778,53.69,811014493.41,-18.6424,1100751029.41,187679560.2,0.0,0
002134.SZ,天津普林,元件,2023,0,2.88,0.5712,12801.674511786,1.3424,1.0571,51.3162,1.7078,27768852.13,0.11,2.9291,22.2089,5.1681,2.1017052042063,4.0629,64.5472,0.4143,101850766.34,105.1815,4.6849,0.8257,-80739226.97,11.2863,2.4545,2.2145,43.82,1502564487.67,97.6648,646266845.89,32824872.66,0.0,0
603488.SH,展鹏科技,专用设备,2023,0,2.8478,0.4173,,0.5868,4.6597,15.6395,0.1854,93680030.42,0.28,3.0576,23.6676,5.6189,4.6365399634206,16.2224,96.7927,0.2857,83408976.98,62.4207,18.7622,3.6123,397361094.0,0.8449,7.7667,3.8861,57.24,1220369867.13,2.3825,503365193.98,639344742.07,0.0,0
300173.SZ,ST福能,电池,2023,1,4.6432,0.3406,-43.054081583328,0.4462,1.0743,76.7986,3.7145,128596324.58,0.1,9.6033,26.7063,0.5734,5.9651311756139,5.0787,122.973,-0.0251,-18465379.73,21.8797,6.5086,0.393,-1277583697.21,6.1996,2.9232,37.9297,29.63,4356436949.26,-1.9223,1498139605.0,232657653.75,0.0,0
301518.SZ,长华化学,化学制品,2022,0,16.3153,3.1172,3560.7877627056,5.2749,2.4095,27.8211,0.3856,111418845.04,0.85,9.0714,6.8988,23.2343,21.977695908833,3.8672,2.0895,1.6,167964018.45,91.0076,4.6466,1.6661,355473069.94,-23.6445,15.0198,-4.2414,,698505462.18,-11.0315,2312350321.1,231559199.69,0.0,0
300163.SZ,先锋新材,化学制品,2022,1,2.9984,0.4572,8218.1070053952,0.8198,8.3194,7.8919,0.0856,-827694.59,-0.0036,1.3585,17.8976,1.4114,-0.22020441293661,-0.6157,50.7396,0.178,84348824.24,,-2.7882,3.9848,-11056562.88,-0.5197,-0.1242,0.2953,29.76,643741486.77,-6.5848,304664492.41,315351175.82,2.0,1
600238.SH,*ST椰岛,非白酒,2021,0,9.0798,0.6785,-1241.6679950713,1.2272,1.2743,58.7443,1.5148,-55405780.92,-0.13,4.2817,19.7614,2.4702,-10.814893305775,-7.8511,-347.4038,-0.4599,-206136984.82,,-8.1528,0.4099,-78598476.65,3.1589,-4.5107,-15.9269,40.87,1277038392.1,8.2607,833421330.33,152482435.47,0.0,0
301312.SZ,智立方,自动化设备,2022,0,2.8022,0.618,13738.37674634,0.69,12.07,8.1243,0.0886,124228894.47,3.34,9.4461,43.2069,3.0526,233.36691674705,22.9578,1.4842,2.2509,92156256.37,88.9444,24.8578,11.0395,263253579.06,-7.3515,15.1062,-25.2552,76.92,1221883478.69,188.9606,508195358.77,1041893590.6,0.0,0
603363.SH,傲农生物,饲料,2022,1,41.4911,1.2087,126.74184619236,4.609,0.4393,81.6084,6.0821,-777366193.02,-1.34,3.5783,4.3874,7.0318,92.224785115801,-5.6769,31.6372,0.7619,663636691.19,,-6.0676,0.1284,-1906455785.7,19.8184,-4.3476,20.5569,56.4,18660568970.85,9.1228,21613039521.91,-6529808618.65,0.0,0
002620.SZ,*ST瑞和,装修装饰Ⅱ,2023,1,1.6941,0.3502,45.312277769651,0.4627,1.142,87.4592,15.0528,-221244251.97,-0.99,2.7783,12.6162,15.943,-61.635171116232,-22.6247,-4003.3536,0.0708,26743871.71,,-17.7127,1.1125,-1376181270.49,-27.802,-4.9918,-88.9836,48.52,4067725163.63,-15.1968,1551943228.6,390330368.06,0.0,0
002762.SZ,*ST金比,服装家纺,2023,1,15.8924,0.2225,7158.5643430602,0.5263,6.2994,6.4982,0.0695,-22621426.13,-0.07,0.8494,54.1611,0.8564,-4.707523507255,-11.537,73.3471,0.0562,19911049.2,,-8.9381,4.3795,320389718.79,-16.7874,-2.465,6.7562,56.11,891791823.92,-5.4934,204174512.52,291403952.27,0.0,0
001367.SZ,海森药业,化学制药,2023,0,8.3426,0.417,237401.61472857,0.4894,14.9539,6.8322,0.0733,105410925.24,1.68,4.8875,41.0787,1.5511,166.36415909803,26.3345,-2.7156,1.1855,80615439.66,96.8291,30.6891,12.7143,417067865.2,-5.99,11.0584,-13.7399,76.04,1340950789.82,137.133,397453269.86,1099204542.97,0.0,0
301586.SZ,佳力奇,航空装备Ⅱ,2023,0,2.5193,0.4028,23707.146187008,0.7044,3.6727,24.9618,0.3327,111456936.0,1.65,1.3043,32.8035,2.8313,13.506207508952,22.1436,-31.7813,2.88,179488954.02,71.508,24.9434,3.0864,435415837.24,-21.7817,9.6973,-9.6674,,1121261279.72,-4.7727,462927098.76,466418721.81,0.0,0
300050.SZ,世纪鼎利,通信服务,2023,0,1.7,0.3888,294.02978252159,0.5754,2.0316,41.8932,0.7192,-214248627.83,-0.39,2.8347,19.3647,4.6242,-31.876039863938,-59.2724,42.8897,0.0219,11935372.28,,-45.3324,1.7476,-1824718502.32,-22.6106,-22.9991,7.1195,24.81,804358478.2,-24.0273,362172100.89,289675953.37,0.0,0
603517.SH,ST绝味,休闲食品,2023,1,49.2554,0.7954,2553.2237672398,2.512,1.3349,26.3764,0.3564,539501929.19,0.56,3.4843,24.7676,5.942,-0.23286109536644,4.3682,46.6344,0.665,419770219.59,116.4768,7.4532,0.7385,3591601069.18,9.6407,5.91,1.2998,52.74,9332191479.11,4.5606,7261326839.39,720095731.78,0.0,0
603365.SH,水星家纺,服装家纺,2021,0,15.1096,1.1727,8626.4673850328,1.5199,3.7553,24.1019,0.3176,463803180.59,1.46,8.8852,37.9534,2.8336,11.869931030863,10.1564,40.5534,1.7394,463842722.08,93.7485,12.0312,2.2407,1497819810.84,25.1923,14.316,3.6251,66.28,3474352717.78,15.6123,3799310683.43,1994738400.47,0.0,0
002867.SZ,周大生,饰品,2021,0,22.3858,1.3393,3113.5652349914,1.8281,4.7492,17.3726,0.2106,1568803672.95,1.12,398.1077,27.3118,2.5899,7.454519505049,13.3474,20.8523,0.1793,196519698.68,95.16,17.2418,2.1588,3551426046.3,80.0741,22.9494,1.8475,69.91,7016112160.77,5.4144,9155200043.25,4150359994.3,0.0,0
300472.SZ,*ST新元,专用设备,2023,1,0.3485,0.091,-447.9189173762,0.1782,0.9063,72.3803,2.4147,-236927078.79,-0.79,0.6605,15.3627,0.6988,-30.72407320558,-200.3103,-7.3022,-0.2413,-66427491.84,,-188.1294,0.6063,-879706809.95,-66.4066,-16.0504,-13.6827,31.8,1375481451.1,-12.7684,134328018.73,-72234442.28,0.0,0
688701.SH,卓锦股份,环境治理,2023,0,1.6188,0.4712,-864.58587496087,0.5056,1.5852,60.1848,1.5116,-121683540.83,-0.9,12.4624,10.8347,69.5819,-30.072997255858,-34.8544,-28.7758,-0.6041,-81123003.01,,-36.195,1.5631,-28830528.27,41.0879,-16.5325,-14.7954,69.22,705986061.16,-7.843,346832101.41,242696481.0,0.0,0
002689.SZ,ST远智,专用设备,2023,1,3.1895,0.6899,44177.098703,1.0179,2.0772,38.8166,0.6344,37599470.37,0.0297,4.7317,22.879,2.4937,2.1880355243316,2.3218,127.84,0.1022,106678005.33,9.769,3.0025,1.5027,36571678.32,35.164,1.942,12.0705,54.94,1901960418.79,-3.4656,1335750133.82,666329540.61,0.0,0
300427.SZ,红相股份,电网设备,2021,1,1.7489,0.3263,223.6072144897,0.6434,1.6416,57.5962,1.3652,-504948684.68,-1.765,1.5311,35.6744,2.194,-34.461710212912,-44.3086,-491.1288,0.64,231164732.47,,-43.9084,1.1821,246486686.28,13.7882,-11.9583,-41.7206,52.13,3815798908.96,-17.5733,1377998612.66,924429921.25,0.0,0
002868.SZ,*ST绿康,动物保健Ⅱ,2023,1,7.0823,0.3164,-503.33780619724,1.0303,0.5142,78.9258,3.7708,-203912672.23,-1.44,0.7621,-8.9599,3.7974,-30.955985563088,-43.9083,-81.9102,-1.2017,-186758862.03,,-46.5739,0.2443,-93497721.66,53.7076,-12.7252,-25.4867,72.78,1965009357.76,58.4861,507004856.86,-451924489.46,0.0,0
301316.SZ,慧博云通,IT服务Ⅱ,2022,0,3.5756,1.0931,1276.2622147216,1.5008,3.5904,24.0171,0.325,96527407.42,0.2437,79.8457,24.4363,251.5874,52.217936571514,7.7078,16.8006,0.1311,52431998.15,89.8325,8.1637,3.2503,269721771.7,28.9263,8.9122,-3.1551,80.28,1304941833.52,51.5187,1183887619.13,720323560.75,0.0,0
300275.SZ,梅安森,计算机设备,2023,0,1.2156,0.3383,725.72273950981,0.5963,2.0111,36.8502,0.5841,55687065.91,0.1488,2.5182,41.7349,1.8726,8.7161147572054,10.4177,19.5452,0.163,49263316.8,54.9154,11.6753,1.5533,230924918.36,14.7419,4.3668,0.5335,30.1,1337590929.48,10.2807,431354854.68,396510555.92,0.0,0
300002.SZ,神州泰岳,游戏Ⅱ,2022,0,7.0649,0.8686,15036.065594115,2.0508,2.9447,16.6397,0.2002,623623880.08,0.2774,15.4418,60.3929,11.9813,11.755203723347,11.0763,40.9271,0.5328,1044902543.8,89.0223,12.9529,2.7263,2387366468.06,11.3981,11.2711,2.5113,25.64,5817805060.7,10.8561,4806013816.09,1816609259.12,0.0,0
688501.SH,青达环保,环保设备Ⅱ,2022,0,1.7741,0.4915,551.08756565606,0.5839,1.6583,51.0694,1.0774,88742870.71,0.62,7.4966,33.7837,1.5493,5.4998638203929,9.2538,4.8162,0.6889,65217709.25,91.8151,10.4022,1.183,364257190.32,21.3779,5.7234,-1.3491,50.8,1687391628.86,19.3621,762155555.06,558949092.2,0.0,0
600152.SH,维科技术,电池,2023,0,4.1049,0.4968,3848.6676434262,0.9604,1.1877,44.8446,0.8079,-149830409.32,-0.23,1.5161,9.0407,3.827,-4.8653340772047,-8.9022,-14.6822,0.6816,360396489.79,,-9.9432,0.879,-230131152.51,-28.0835,-4.4518,-1.1108,43.57,3239322071.77,-7.2331,1672169340.72,245406353.74,0.0,0
003032.SZ,*ST传智,教育,2023,1,71.773,0.3025,-6.2166810105867,0.3915,4.9907,19.9798,0.2497,6067545.72,0.04,213.3929,50.454,,1.0059980206522,2.9244,-91.2606,-0.0013,-519670.45,176.572,-0.6805,4.6776,726451265.62,-33.4259,0.3434,-13.0118,56.22,1692667818.93,-8.0812,534468011.01,975257535.4,0.0,0
300010.SZ,ST豆神,教育,2021,1,2.6157,0.2775,44.596226010532,0.551,0.5451,98.4488,35.8178,-546328399.15,-0.6821,4.2142,28.7712,1.6642,-87.195535565377,-63.3562,76.9213,0.0631,54824157.12,,-55.474,0.3673,-3639001066.2,-19.0484,-13.5106,-12.9656,25.66,3548889941.2,-21.8054,1122117270.84,-1517388867.94,0.0,0
300220.SZ,金运激光,文娱用品,2021,1,13.341,0.8187,-1680.0943648845,1.4619,0.9003,60.2096,1.5988,-67521112.19,-0.4222,4.2262,31.8853,2.089,-30.0337524971,-18.5441,-14.97,-0.4043,-61135782.65,,-20.0758,0.2651,-81638201.93,76.2658,-15.9338,-12.0846,51.53,394917459.85,-12.7455,346927354.78,-22094115.99,0.0,0
002862.SZ,实丰文化,文娱用品,2021,0,4.6545,0.5432,-79.284774079157,0.8553,2.8061,23.382,0.3052,4803500.7,-0.01,2.1887,16.0769,2.8431,-2.5751722424628,-0.2662,97.6269,-0.04,-4863763.03,-27229.6852,-3.0107,1.8377,137792995.1,45.5424,0.714,7.289,61.24,669835548.64,-0.8553,365391137.59,281181863.82,0.0,0
600750.SH,华润江中,中药Ⅱ,2022,0,12.1499,0.6228,23198.527839653,0.9427,2.4263,28.0009,0.4493,723044648.74,0.94,3.6355,64.8442,3.5253,-2.4857187954495,16.9012,17.871,1.6138,1015989416.27,85.0847,19.5751,2.1392,2880534900.66,32.6261,11.8132,2.2667,51.72,6243659088.84,4.1026,3811641510.59,2364406059.26,0.0,0
000488.SZ,ST晨鸣,造纸,2023,1,9.27,0.3249,230.03359265313,0.8684,0.5739,73.4575,3.498,-2410537.26,-0.45,0.7945,8.1293,4.1503,-12.53573364836,-4.9858,-776.892,1.4847,4389949308.82,,-6.365,0.3526,9232191911.52,-16.8596,-0.0029,-8.1544,45.4,79487052953.58,-5.7104,26608570228.2,-21211857076.26,0.0,0
300166.SZ,东方国信,IT服务Ⅱ,2022,0,1.5752,0.274,1012.7376138766,0.5339,3.3415,18.9379,0.2351,-393714232.97,-0.31,4.8673,31.0698,1.9704,-5.2623482015129,-16.0083,-219.5963,0.28,327572401.55,,-18.41,2.4199,2523829212.34,-7.3258,-4.7139,-10.1742,32.54,8072470610.52,-6.4824,2288725591.27,2929266704.0,0.0,0
000608.SZ,*ST阳光,房地产开发,2023,1,22.3835,0.0666,144.96881119188,2.9642,0.1802,32.6887,0.5834,-201505061.63,-0.3131,6.7033,61.7709,20.7131,-8.3038823447797,-75.8164,38.8294,0.0945,70888741.56,,-80.6924,0.1674,1010017776.71,-17.4391,-4.3908,3.9594,43.94,4334996375.67,-10.4997,305519436.48,-538457590.67,0.0,0
300093.SZ,*ST金刚,光伏设备,2023,1,23.1972,0.2169,-126.8227285116,1.0243,0.1708,99.0098,108.8812,-322218449.83,-1.6748,0.4714,-17.1381,5.2397,6.5824123564493,-70.997,-34.3042,-0.5858,-126532709.18,,-70.8319,0.0689,-932825284.57,11.1953,-12.042,-1252.2363,34.17,2910689020.5,19.2463,580447459.69,-1487030357.54,0.0,0
688096.SH,京源环保,环境治理,2023,0,0.6443,0.2193,-288.7932019837,0.3095,2.1002,57.2182,1.3387,-7843262.22,-0.19,1.3808,34.1093,1.7599,-5.6699262473629,-7.3727,-155.533,-0.5857,-88550777.69,,-9.5568,1.5654,198870757.25,-22.9707,-0.4342,-9.8681,46.56,1897360449.57,10.6059,396157466.55,664451437.62,0.0,0
301318.SZ,维海德,计算机设备,2023,0,3.6568,0.2606,4053.8976534995,0.3134,14.4588,7.1971,0.0776,67724722.69,0.79,15.8261,44.3524,2.1759,3.9883964741805,16.8361,-35.4722,0.8743,91031172.18,42.2664,16.6241,13.2092,577781017.99,-19.2725,3.6156,-6.6114,74.94,1893882558.41,2.2435,488061087.79,1479367051.66,0.0,0
000929.SZ,*ST兰黄,非白酒,2023,1,48.7235,0.205,-1651.2288285861,0.3342,4.9632,14.4699,0.2758,-78006110.16,-0.2515,1.5245,15.163,1.6726,-8.5726056937615,-23.0251,-59.7604,-0.1858,-34512950.15,,-22.979,2.1861,216092631.68,-9.475,-6.6274,-3.1534,38.31,1117402497.63,-9.6433,241244111.79,623690141.2,0.0,0
600117.SH,西宁特钢,特钢Ⅱ,2021,1,18.6429,0.6269,227.72552122062,1.7,0.5478,88.1953,58.1406,-2025286857.79,-1.1,1.2396,8.3921,4.7576,-79.699727465897,-21.8077,-2042.2793,1.3456,1406273574.86,,-21.1322,0.2732,-2994307025.92,21.3745,-10.3828,-137.0279,65.81,18524963007.83,-9.5779,12229101621.92,-6232218681.97,0.0,0
300434.SZ,金石亚药,化学制药,2023,0,13.9885,0.3925,22499.952712891,0.9186,2.2815,21.8406,0.2822,165597682.01,0.31,2.1181,61.3864,2.1441,5.5491192463686,9.9828,-42.3184,0.3762,151142883.35,106.0246,14.7155,1.6447,211399703.9,-2.6882,5.3754,-4.6414,55.95,3101438665.01,1.3571,1209199438.06,770415791.73,0.0,0
603843.SH,*ST正平,基础建设,2023,1,1.4621,0.2228,-199.72007705415,0.3746,0.7711,84.2726,7.1253,-440531872.63,-0.76,3.0637,1.6452,34.3001,-38.044500610304,-28.9932,-148.8633,-0.4242,-296792997.6,,-30.4936,0.733,-106784613.08,-14.2498,-5.1497,-29.374,40.7873,8227893085.72,-7.3553,1905697448.75,-1384725296.74,0.0,0
002469.SZ,三维化学,专业工程,2022,0,8.2306,0.7893,60924.770848916,1.0633,4.606,18.8331,0.2428,297976727.3,0.42,5.8476,19.567,13.1936,4.6401466767699,10.6682,-27.4763,0.7869,510612435.8,92.3821,12.1385,3.6461,1289134292.02,-0.8213,9.0122,-5.4685,28.79,3345865973.81,2.4178,2609853646.06,1877935944.49,0.0,0
301069.SZ,凯盛新材,化学原料,2022,0,14.3549,0.6538,,1.2313,3.0901,14.8416,0.1748,261602717.85,0.5575,3.1218,39.4348,13.0568,11.131882119828,23.2179,21.2763,0.0248,10444069.03,97.5186,26.6981,2.6427,569631213.05,14.8812,16.926,-1.2357,73.07,1668525610.49,17.2859,1010484930.0,503808064.14,0.0,0
002092.SZ,中泰化学,化学原料,2022,1,17.4821,0.6728,461.19335929298,2.1955,0.7036,58.9727,1.8384,2512515836.38,0.3014,1.4507,13.2928,14.3136,2.1421128800917,2.2435,-71.8156,2.0474,5325014405.71,76.4842,2.8683,0.5026,10551176861.42,-14.9646,3.2719,-9.4422,36.32,80465148021.68,10.0522,51662070248.48,-9983986450.76,0.0,0
600525.SH,ST长园,电网设备,2023,1,2.5945,0.5795,465.00731351556,1.0421,0.9785,62.6074,1.8521,353710208.38,0.07,10.1699,33.991,2.138,4.9763398713026,1.1303,-86.9953,0.7165,942037164.71,-50.412,2.4453,0.6398,1987307618.53,11.4694,2.4152,-14.5079,39.52,15515527163.12,12.6365,8486279396.79,-192050466.49,0.0,0
002826.SZ,易明医药,化学制药,2023,0,6.9569,0.6856,14162.188607054,1.253,2.8622,19.1523,0.2385,22032866.41,0.081,1.8685,51.1891,6.23,-0.037051936930653,2.3575,-65.138,0.8752,166880943.95,32.69,3.5238,2.5106,318281495.5,-22.1417,2.2645,-3.97,39.84,927743602.85,-8.8844,667038998.92,318590258.32,0.0,0
002933.SZ,新兴装备,航空装备Ⅱ,2022,0,1.2532,0.1091,365.40075873421,0.1342,6.1145,17.5187,0.2129,-74296257.63,-0.51,7.8233,31.6274,0.6878,-1.9755753464542,-31.738,-3035.9906,0.1357,15922461.75,,-36.1201,5.0848,702627070.16,-22.4683,-4.2475,-3.8568,55.44,1748064664.31,-0.1262,190765652.22,1173489104.86,0.0,0
300198.SZ,*ST纳川,装修建材,2023,1,1.0754,0.1405,146.25460303048,0.4672,0.6439,82.9198,4.7757,-485660439.53,-0.4972,1.6109,12.1956,6.1671,-54.189534588521,-134.8115,-21.6685,0.0938,96786615.29,,-118.7987,0.5699,-661979497.87,-21.858,-17.2345,-37.958,42.44,2497448528.25,-20.4242,396008274.24,-467021659.97,1.0,1
603879.SH,永悦科技,塑料,2022,1,2.181,0.5387,3646.5254322113,0.7205,9.1772,7.8985,0.087,-57843402.42,-0.1096,3.703,6.1822,10.0017,-4.8614830157607,-13.7779,-717.6553,0.0476,17239296.13,,-18.9505,7.8973,108383028.24,-25.2147,-10.5161,-8.9262,56.73,553408286.01,1.2304,296328398.41,335633653.77,0.0,0
600880.SH,博瑞传播,教育,2022,0,1.7919,0.1227,1862.4585791672,0.5103,1.9819,16.9991,0.2182,64577843.15,0.04,2.4135,44.4706,10.3198,0.66664760098758,11.2413,-48.7989,0.0786,85973307.32,71.0757,13.2858,1.886,1041215031.8,-29.6105,1.692,-1.3121,40.02,3862192062.31,2.4105,506956963.39,533703289.69,0.0,0
002307.SZ,北新路桥,基础建设,2022,0,5.0254,0.2407,43.359868416828,0.825,1.0003,89.1574,13.3336,996371102.99,0.04,19.7628,17.2606,6.2471,7.2399462961648,0.414,-18.4257,0.3034,384785606.33,86.4114,1.5438,0.7018,697497283.87,-5.3766,2.0576,-0.4756,50.01,51156013424.82,11.9569,11658068654.12,4180211.39,0.0,0
002775.SZ,文科股份,基础建设,2023,0,0.9184,0.188,-306.97763000315,0.3728,0.7532,93.92,17.743,-51115090.63,-0.25,35.8728,18.0442,2.685,76.750543108635,-16.0533,59.3978,-0.6594,-404043744.55,,-19.2238,0.651,-1616200401.43,11.7279,-0.9372,40.928,60.85,5896059466.22,17.6493,1025375482.83,-1006842611.51,0.0,0
300152.SZ,*ST动力,环境治理,2023,1,1.656,0.2522,-57.127969540978,0.4608,0.9508,58.9769,1.4381,-71559823.85,-0.1028,1.6531,17.1502,0.9701,-18.999983870434,-36.056,16.649,-0.0032,-2274040.8,,-34.6591,0.4171,-977772874.33,8.8331,-8.8772,-0.5737,20.75,783449426.25,-5.4682,203296317.02,-19619618.61,2.0,1
300055.SZ,万邦达,炼化及贸易,2023,0,5.2367,0.3813,-208.62980396288,1.1542,1.7465,24.0337,0.3374,-207948621.32,-0.2293,1.1177,5.9597,11.7095,3.0416630719794,-6.5903,-343.7409,-0.0486,-40661259.25,,-7.2183,1.2756,928685263.44,3.8202,-2.8104,-5.337,45.71,7205397263.82,-5.1087,2821496079.31,1087170032.5,0.0,0
603389.SH,*ST亚振,家居用品,2023,0,7.1021,0.2751,-442.37736084047,0.7626,1.0334,44.2256,0.7632,-111630458.02,-0.49,1.4744,34.7853,0.783,-25.538763264761,-66.5994,-44.6303,-0.1211,-31808486.67,,-59.5339,0.2573,-214269475.86,-16.3049,-15.4875,-13.06,70.59,649997807.25,-17.8835,198255380.71,6939691.01,0.0,0
002555.SZ,三七互娱,游戏Ⅱ,2022,0,12.1622,1.0406,7619.4316431861,1.6594,2.4385,27.9777,0.3926,3201340120.31,1.34,18.8355,81.4182,,13.090109755658,17.7358,2.7404,1.6039,3557168897.26,95.034,20.1687,2.1752,7425047178.56,1.1688,20.3055,-8.4721,51.75,17094617736.46,18.4069,16406034152.65,6245064129.27,0.0,0
300460.SZ,ST惠伦,元件,2023,1,3.2185,0.2217,-141.70618832344,0.6157,1.0822,52.047,1.0871,-169967706.11,-0.6,0.4194,-1.5478,1.3613,-16.854174122781,-42.3744,2.472,-0.1667,-46813167.65,,-49.5962,0.573,-155736943.06,19.5479,-9.4583,-2.7041,28.44,1721906206.72,-8.0243,398433193.73,45869449.67,0.0,0
002310.SZ,东方新能,基础建设,2022,1,0.4618,0.0793,-30.661248103235,0.1401,0.7675,85.1505,7.0779,-4791949656.93,-2.17,2.6898,-24.6659,9.5426,-54.239456870571,-178.2411,-402.1736,-0.1013,-271903170.46,,-163.0997,0.7344,565721994.45,-67.496,-11.1461,-64.2051,40.38,40772549705.46,-9.8189,3408578497.33,-6789776240.6,0.0,0
002253.SZ,*ST智胜,软件开发,2023,1,1.0362,0.1084,1136.3537567369,0.3227,2.8483,20.7181,0.2694,-208787305.98,-0.76,0.4685,4.2273,1.0249,-12.455732793167,-105.5242,-196.2888,0.2665,60130316.65,,-117.3068,1.8341,148383999.07,-26.9173,-12.5919,-9.1878,33.42,1565021802.17,-10.6305,179697781.88,346449230.32,0.0,0
300209.SZ,行云科技,软件开发,2021,1,2.8567,0.6069,-125.67367882531,0.8967,0.8331,68.7299,2.0351,-2704931553.22,-6.42,19.2256,7.2418,2.2091,-86.156953351434,-153.4001,-207.2982,-0.0736,-31071590.15,,-153.772,0.4736,-3187677683.61,-64.9067,-93.0574,-126.4659,41.31,1276219550.96,-71.8724,1763975805.34,-141341196.92,2.0,1
600079.SH,ST人福,化学制药,2023,1,3.1359,0.6791,555.49791147095,1.2557,1.4846,44.4856,0.945,3679199462.99,1.32,3.5396,45.8058,3.776,13.344467426975,11.4793,-14.0744,1.2052,1967249725.15,85.6697,14.0559,1.1427,9846777013.98,9.7907,10.1878,-4.446,46.02,36204297567.19,0.5032,24524740572.69,6409164483.55,0.0,0
300532.SZ,今天国际,IT服务Ⅱ,2022,0,3.8809,0.6474,4131.4958525479,0.7132,1.3436,69.7942,2.3106,284804227.59,0.84,11.7561,27.717,1.9343,22.101980228357,10.6906,181.4078,0.944,289855701.63,87.2165,11.7066,0.9022,644329041.24,50.9885,7.6413,11.0023,56.7,4668966340.67,67.6266,2412795727.47,1098450298.16,0.0,0
300013.SZ,新宁物流,物流,2022,1,3.0361,0.8119,248.6912215156,1.944,0.7785,94.1213,36.4487,28526486.35,-0.0036,5.8883,18.8329,199.7729,-9.5489712667164,-0.112,99.0866,0.1439,64257764.19,-2883.3269,-2.5726,0.7433,-1178902844.48,-24.3133,3.4762,150.527,24.37,759414278.52,-13.8836,666305640.1,-94342446.52,1.0,1
301288.SZ,*ST清研,环保设备Ⅱ,2023,1,1.0255,0.1504,-595.49381649064,0.1841,6.7423,11.7905,0.1336,15459550.45,0.19,3.6994,49.1723,5.2806,4.0558418819915,14.8004,71.9004,-0.02,-2015392.25,41.1508,15.8894,6.5105,115590594.88,27.2275,1.6422,0.4465,72.16,961322823.32,4.3249,141608580.21,643835942.57,0.0,0
002343.SZ,慈文传媒,影视院线,2023,0,2.4788,0.3191,1020.2258545355,0.3819,3.5189,21.2908,0.2791,34568548.15,0.0582,38.6108,7.854,0.6561,2.9430223459697,5.9338,-43.8885,0.0258,12275078.45,34.8604,6.7093,1.5094,-490738860.27,-1.1237,2.3921,-2.4763,36.45,1267676001.29,-21.8733,461189422.61,670762216.44,0.0,0
300600.SZ,国瑞科技,航海装备Ⅱ,2022,1,0.7085,0.2209,486.56753730835,0.3452,2.2803,28.6151,0.4032,3903579.87,-0.0016,0.9442,35.4124,1.2775,-0.12909562383845,-0.6297,99.8264,0.1229,36175037.6,,-0.7765,1.6621,247253904.76,24.6637,0.3143,26.9282,61.19,1210426992.42,-4.9462,274372119.02,442461530.08,1.0,1
000972.SZ,*ST中基,农产品加工,2023,0,9.5001,0.5619,-827.4457739029,0.8739,0.8451,82.8886,4.9848,129480296.04,0.14,1.6449,25.2814,1.0327,113.5484354412,18.9565,314.9403,-0.2363,-182233893.41,42.0391,15.3908,0.157,-1588393009.24,-2.2919,12.6357,40.7286,47.02,1224071923.98,48.3068,575779449.91,-143341833.65,0.0,0
603813.SH,*ST原尚,物流,2023,1,4.1779,0.3533,257.7788943766,1.6086,1.975,45.9797,0.8524,15151256.67,-0.08,1.2257,20.5051,1273.8229,-2.5957085417781,-1.8416,-121.0136,0.5491,58328571.04,,-1.0927,1.9336,172604946.32,-12.186,1.1738,-7.3558,71.29,1253110919.91,-5.6758,456097573.87,135508903.87,0.0,0
002830.SZ,名雕股份,装修装饰Ⅱ,2022,0,207.783,0.5339,-13527.67970583,0.8054,1.1873,53.1247,1.1687,23822004.29,0.14,5.0065,31.14,35.4802,-0.15960002282025,2.8842,-34.9789,-0.1,-13541204.68,84.1091,5.3988,1.1136,364113266.66,-6.3501,1.5354,-1.5883,73.19,1448184893.89,-12.4885,828305766.88,139136598.91,0.0,0
000698.SZ,ST沈化,炼化及贸易,2023,1,66.6886,0.8189,-58.513553577126,1.7507,0.6543,74.4644,2.9368,-390571956.2,-0.56,2.2149,3.1546,14.7725,-22.827447614264,-8.6601,74.1543,-0.063,-51631811.58,,-8.1769,0.56,-622282473.7,-11.0994,-6.055,36.1666,51.29,6083200108.57,-10.7709,5281892618.94,-1434498809.84,0.0,0
600162.SH,香江控股,房地产开发,2023,0,102.686,0.1482,383.44740501449,0.2023,1.2356,68.6331,2.1886,481251403.64,0.0213,5.3295,36.5969,0.1738,-4.8695468826975,-1.4649,-71.453,0.3254,1063423461.68,37.5482,6.8434,0.1967,1527279184.48,-45.5037,2.162,-2.4231,72.44,20147723655.37,-17.3335,3299612694.3,2755769133.62,0.0,0
300235.SZ,方直科技,软件开发,2023,0,2.7343,0.1425,3989605.8187777,0.1951,34.945,2.1079,0.0215,34055178.36,0.13,1.3093,76.3297,10.5686,3.727822893714,31.3335,36.6334,0.1528,38464587.62,57.4215,35.5235,24.296,258607864.92,-5.6121,4.7693,1.1164,44.76,723448125.72,2.6671,101740261.4,517640625.89,0.0,0
605287.SH,德才股份,装修装饰Ⅱ,2022,0,1.5702,0.6105,326.9731670079,0.6751,1.1052,82.1003,4.8441,288261844.82,2.0,15.5293,14.215,104.1465,12.152112617289,3.6376,43.087,1.9115,191147508.35,84.094,4.273,1.045,718628411.43,11.8721,3.1215,-0.3563,68.29,10073315862.8,19.9756,5637800589.42,861081806.61,0.0,0
600165.SH,ST宁科,化学制品,2022,1,23.1611,0.1793,-36.361459610533,2.1864,0.1528,75.079,4.396,-151806714.98,-0.308,0.3309,0.0842,5.8605,-27.327796104276,-40.9123,-27.0318,-0.0488,-33407119.79,,-39.5615,0.0773,-567214082.31,143.0628,-4.5026,-26.1852,40.98,3277789331.9,-5.4097,604539544.17,-1391880057.39,2.0,1
300020.SZ,ST银江,IT服务Ⅱ,2022,1,0.895,0.2367,116.71850905563,0.3481,1.6046,46.3104,0.8695,131456744.38,0.09,6.9899,26.3559,22.9277,1.7240336330023,3.5462,-29.8863,0.1373,90024870.6,107.4752,3.9478,1.5128,1305795055.49,-21.612,2.0012,-0.8629,22.86,6564708565.83,-0.1248,1554613160.25,1680195002.52,0.0,0
300368.SZ,汇金股份,计算机设备,2022,1,0.38,0.1644,230.2020436052,0.2414,0.9604,80.0751,4.4639,-191409120.37,-0.5326,3.0018,26.4256,2.089,-32.231270389706,-54.5981,-1881.6226,0.627,333509523.14,,-57.7143,0.7882,-12715070.88,-63.7669,-5.4524,-39.3789,38.07,3371915268.06,-7.5978,577029102.09,-83469373.37,1.0,1
600543.SH,*ST莫高,非白酒,2021,1,2.6824,0.1097,2003.9451415754,0.274,3.7309,12.4749,0.1395,-108297268.69,-0.31,0.2215,23.9687,0.8437,-8.4187252445831,-73.4102,-5407.3463,0.092,29559090.81,,-67.4582,2.4871,286584370.77,5.5335,-8.4642,-8.9469,39.03,1200995636.74,-11.5582,140401040.26,340111211.94,0.0,0
603268.SH,松发股份,家居用品,2023,1,2.0969,0.3389,-77.284916088247,0.6596,0.6378,86.7,6.5188,-99312139.88,-0.94,0.9818,4.6147,1.2377,-60.815947605729,-56.8342,31.4041,-0.1235,-15329363.88,,-57.3708,0.247,-286905760.62,-23.9018,-16.3307,-26.0322,63.18,565481304.02,-13.1072,206093753.84,-164742935.48,0.0,0
603377.SH,ST东时,教育,2022,1,51.662,0.1959,190.52387262776,1.3506,0.5673,55.7658,1.4097,38144112.42,-0.08,0.5979,42.7312,4.2321,-2.7691818033047,-7.4455,-144.8566,0.2164,155997837.92,,-3.9768,0.3644,854780002.46,-16.5514,0.7472,-8.8751,59.6,5269089601.31,6.6353,1000176579.15,-755358947.71,0.0,0
300237.SZ,ST美晨,汽车零部件,2023,1,1.3474,0.1987,14.808542240835,0.2833,0.8407,97.8132,541.8412,-843192917.53,-0.96,1.5362,5.7615,4.7169,-97.60273641253,-82.7821,-3.3424,0.0349,50333416.49,,-69.023,0.7542,-2620428222.85,23.2017,-9.9507,-344.6036,31.93,7933285646.91,-11.9906,1684002826.31,-1059819944.67,1.0,1
603825.SH,ST华扬,广告营销,2023,1,1.8627,1.1537,1304.1425894192,1.3422,1.1688,74.5996,2.3769,-716748172.0,-2.7,221.2526,10.7864,54.348,-34.640211447545,-12.6904,3.6016,2.767,700986815.69,,-12.8476,1.1169,-289158572.58,-35.3284,-15.0351,-18.2571,49.78,3095785040.15,-51.918,5499864640.28,358635413.69,0.0,0
002898.SZ,*ST赛隆,化学制药,2023,1,6.9482,0.3738,516.96907338824,1.2166,1.129,34.1542,0.5187,28907468.24,0.0542,0.8365,46.1861,2.1874,1.8112892162299,3.0692,125.551,0.2029,35706967.41,27.4614,7.2649,0.6976,71412281.33,17.576,3.479,8.6412,69.15,813843574.35,-4.0269,310627026.68,29292117.99,0.0,0
002986.SZ,宇新股份,炼化及贸易,2021,0,665.6644,1.2945,4101.4576516246,3.6279,1.4993,21.501,0.2884,142644960.88,0.89,3.9044,10.8842,30.257,6.6713987128372,4.2328,329.0623,0.912,144714734.64,93.9085,4.8981,1.0623,818462575.94,39.3285,5.7668,4.8817,56.21,2730625669.42,23.1984,3201879059.63,274887627.0,0.0,0
002800.SZ,天顺股份,物流,2021,1,4.5682,1.3024,519.35667861862,1.5932,1.9848,44.8782,0.8388,72077359.99,0.3798,31.2282,10.2572,14.24,16.404266496279,3.9844,36.8989,0.695,75579424.23,102.9726,4.435,1.7139,292053814.65,15.0916,7.209,1.4408,56.2,1057072542.15,12.1479,1302199987.96,427994349.24,0.0,0
002581.SZ,*ST未名,生物制品,2023,1,2.8583,0.1651,-421.24300409472,0.8468,3.7177,6.992,0.079,-306302514.45,-0.5039,0.9954,80.5964,1.0087,-13.289522411733,-74.9517,-2164.6555,-0.0553,-36506204.2,,-68.2545,3.0103,965390082.4,20.3622,-11.765,-14.3148,38.81,2337137949.03,-18.5633,429790105.06,363100127.81,2.0,1
688606.SH,奥泰生物,医疗器械,2023,0,6.3014,0.1712,1697.1795474657,0.2053,11.5313,6.9119,0.0743,153328635.6,2.28,3.0238,48.782,2.0224,-8.1363282798731,23.8878,-84.7605,0.3124,24763695.45,79.5117,28.0353,10.5702,2107365903.79,-77.7281,3.4785,-27.3222,69.75,4116057772.87,-12.4191,754696888.86,2887284839.94,0.0,0
300165.SZ,天瑞仪器,通用设备,2022,1,3.4954,0.3888,-827.97410166301,0.4759,2.5893,59.4797,1.5156,-102514715.02,-0.18,7.6129,29.1759,1.8362,-6.4746885416843,-6.4482,-46.5129,-0.8314,-411982505.66,,-5.7178,2.0749,247174381.58,-10.565,-2.8391,-1.9698,34.79,3872890109.03,15.6478,1403971007.01,2007077969.97,0.0,0
000911.SZ,*ST广糖,农产品加工,2021,0,8.4733,0.4913,8.388701017172,1.057,0.6614,91.1726,13.437,221883510.55,-0.17,1.8989,13.3602,5.2268,310.53454426044,-1.9873,-222.3501,0.0606,24267108.79,,-1.0837,0.4996,-1832991512.03,-8.8536,3.3718,-62.9518,59.91,7336407737.47,25.9517,3233334866.51,-1695535895.61,0.0,0
603001.SH,奥康国际,服装家纺,2021,1,2.9697,0.6798,4967.2632321923,1.0034,3.4951,20.6134,0.2603,35613780.38,0.089,7.6875,41.4643,2.4396,-3.9729106593204,1.1577,21.8736,0.5549,222516194.15,-70.3711,1.0895,2.5157,1287315879.84,8.0614,0.8183,0.2074,71.27,4367329037.41,0.7005,2958569639.91,2069217634.95,0.0,0
002256.SZ,兆新股份,电力,2022,0,1.8164,0.1485,18.021551556308,0.5057,0.9915,37.114,0.6049,75625066.54,-0.01,0.516,27.6672,9.7391,-0.96264519280741,-9.1278,95.4363,0.0081,15331327.97,,-39.0334,0.9288,-773235556.33,-11.3418,3.7277,32.539,28.53,1961749336.18,-6.3918,301322691.9,-5413371.87,0.0,0
002163.SZ,海南发展,装修装饰Ⅱ,2022,0,4.8378,0.5992,-28.162598460796,1.1084,0.9576,75.8395,3.534,-170994324.39,-0.17,3.1273,7.183,20.1522,49.149210552652,-4.9171,-238.7347,-0.0123,-10397855.94,,-5.5432,0.8977,-477501651.32,-17.1658,-2.8334,-25.0555,40.97,6263943117.39,7.8915,3616032090.42,-154044890.14,0.0,0
000889.SZ,中嘉博创,通信服务,2021,0,2.9261,0.7511,-374.05423308421,1.4062,0.892,77.0702,3.3663,-1985001869.94,-2.1439,29.3303,8.2448,43.1753,-85.576147922694,-102.7579,-10041.6935,-0.1018,-95330438.02,,-102.6661,0.796,-2085787494.98,-24.1778,-76.4173,-150.442,45.68,1475971339.4,-60.3147,1951112591.19,-122214484.17,2.0,1
603021.SH,*ST华鹏,家居用品,2023,1,4.5752,0.2607,39.747605025781,1.037,0.2332,89.6355,8.1612,-203158129.54,-0.91,0.7077,8.3827,2.3544,-59.049796294205,-54.9992,27.4613,0.0911,29139594.51,,-47.997,0.1265,-721186442.41,-30.5716,-9.7521,-25.9323,47.69,1840779591.4,-20.8489,543097919.9,-1250539591.26,0.0,0
002214.SZ,*ST大立,军工电子Ⅱ,2023,1,0.3463,0.0971,-2838.2371325207,0.1365,5.3342,20.5784,0.2583,-311089489.49,-0.49,0.4914,42.436,0.2869,-14.909196443928,-118.3143,-93.8226,-0.261,-156403020.68,,-121.355,3.4507,457984635.84,-36.4869,-11.8697,-7.4273,34.91,2468898317.41,-10.9616,254550126.19,1361261200.2,0.0,0
002141.SZ,贤丰控股,动物保健Ⅱ,2022,1,7.2756,0.6469,1157.8156619076,1.2179,7.7528,9.2608,0.1085,222826821.01,0.2047,3.9588,9.7005,7.1091,42.604417309016,26.7968,695.8014,0.0184,20900600.38,-64.9128,25.4358,7.3236,-166827440.93,-39.7333,16.2749,20.145,54.49,1343332102.28,-3.701,885746851.76,663388134.46,0.0,0
002693.SZ,*ST双成,化学制药,2023,1,11.4805,0.2753,121.51283520227,1.2173,0.9664,35.556,0.6057,-63423626.17,-0.12,0.5201,68.272,1.0715,-8.190484796251,-30.5075,-663.0198,0.0279,11639461.47,,-31.0066,0.4288,-312534049.13,-14.1305,-7.3995,-12.1133,53.38,803248121.89,-11.8297,235929899.37,-4706204.54,0.0,0
603718.SH,*ST海利,动物保健Ⅱ,2022,0,3.205,0.1787,2840.8125888995,0.3657,2.0734,26.6303,0.3536,139375535.86,0.19,1.3119,58.9694,0.8563,13.397673152331,36.898,125.799,0.4548,292905014.83,6.7505,23.3087,1.5784,372051321.71,-13.6191,8.3002,6.115,59.31,1514252528.46,-17.8863,299991674.85,344277385.02,0.0,0
002989.SZ,中天精装,装修装饰Ⅱ,2023,0,,0.2496,-211.77971518149,0.3072,2.9481,43.834,0.7804,-38543085.23,0.05,4.6105,9.5461,76.968,-5.4591325688315,1.013,-87.6238,-0.441,-80133668.15,,-6.0041,2.9312,581437007.36,-58.7072,-1.1693,-3.4337,69.02,2968524990.68,-18.0817,822862890.35,1515531035.71,0.0,0
600594.SH,益佰制药,中药Ⅱ,2022,0,8.6095,0.5708,921.39899352892,1.4547,1.7401,35.8391,0.5871,-361911172.61,-0.552,1.9141,70.9633,1.3465,-14.11761820799,-16.4418,-279.6175,0.436,345299144.63,,-13.7451,1.1688,1334636110.88,-18.27,-7.5522,-21.6117,31.62,4687029448.68,-4.2925,2735262838.67,867915803.56,0.0,0
000573.SZ,粤宏远A,房地产开发,2023,0,14.222,0.1432,-1699.2909518587,0.2704,3.0106,28.8792,0.4078,73718748.11,0.1035,4.9138,14.155,0.3566,0.94451394653072,17.4638,59.0433,-0.4675,-298416500.5,-179.5107,16.7103,0.8517,489382188.24,-62.8186,2.9971,1.4806,29.73,2358735780.35,-7.8844,352249483.63,915423363.8,0.0,0
300527.SZ,ST应急,地面兵装Ⅱ,2023,1,2.1051,0.1417,-49.599371875688,0.1977,2.7607,34.9487,0.5372,-215006907.95,-0.226,0.9845,-3.9061,2.0137,-7.788859812414,-34.7287,-3996.7654,-0.0104,-9974487.44,,-39.8775,2.3359,738617997.44,-63.6268,-5.053,-8.0029,62.49,3915307466.48,-14.7886,603113601.59,1639726669.01,0.0,0
300299.SZ,富春股份,游戏Ⅱ,2023,0,1.9435,0.32,250.01976043307,0.7019,1.1869,43.5482,0.7797,10368560.61,0.01,14.7017,43.4207,2.7666,1.653614967748,2.2171,-78.7792,0.03,23489512.28,-46.6363,0.3548,0.865,-325381261.28,-17.7729,1.0016,-5.9125,32.53,1037735296.5,0.4942,331285613.68,74775841.08,0.0,0
001336.SZ,楚环科技,环保设备Ⅱ,2023,0,1.4213,0.4147,6953.9840633531,0.5299,2.499,32.8553,0.4893,42606997.43,0.47,11.84,34.442,3.6763,3.7927025503731,8.2881,-41.4709,0.1363,10957229.27,65.6294,9.625,2.1874,273793753.97,-19.7562,3.8601,-7.4194,72.48,1153026543.69,9.3416,457700934.95,506937267.14,0.0,0
002601.SZ,龙佰集团,化学原料,2022,0,11.4265,0.4614,753.16081780534,1.3462,0.7682,60.6883,1.7253,4290913088.6,1.46,1.6532,30.1865,3.0434,10.047067528298,14.6677,-26.8813,1.3375,3196906300.98,99.5247,16.914,0.4605,5163630272.99,17.161,8.2109,-11.0356,54.62,59185986596.16,30.5635,24155149016.54,-6068255935.64,0.0,0
603709.SH,中源家居,家居用品,2023,0,8.7972,0.8919,1288.744123188,2.6043,0.935,56.4527,1.2964,31729557.64,0.22,2.9056,25.3233,5.1512,4.1656795451099,1.9338,150.9978,1.1014,105731631.34,66.5681,2.1866,0.5287,171065046.63,52.5239,2.5698,10.7631,75.99,1359580211.54,22.5024,1101285293.1,-36806138.61,0.0,0
002789.SZ,*ST建艺,装修装饰Ⅱ,2023,1,1.7347,0.6497,-280.07540783658,0.9394,0.8066,97.4527,311.6395,-376386735.09,-3.53,10.0651,12.0569,26.4272,-81.349105843969,-8.5108,-5142.0257,-2.434,-388528402.07,,-8.2014,0.7501,-1108275824.27,186.3166,-3.9441,-567.2207,61.53,10108528731.05,12.5992,6200477705.68,-1709384129.21,0.0,0
300810.SZ,中科海讯,航海装备Ⅱ,2022,0,0.4759,0.1916,-21370.678617721,0.2232,7.8529,11.3556,0.1285,12843119.51,0.1074,3.4398,63.588,0.5373,1.0129319275057,5.9718,10.721,-0.32,-37374942.62,50.2994,6.755,6.4979,277872739.22,7.8148,1.1288,0.1089,53.37,1163564904.34,4.6316,218045033.92,850051174.23,0.0,0
002717.SZ,*ST岭南,基础建设,2023,1,0.8133,0.129,-103.79544552644,0.2016,0.8009,85.3138,6.3472,-857406723.48,-0.65,6.7347,2.2383,6.8277,-36.477843629279,-52.801,29.7259,-0.1664,-279428911.2,,-49.0774,0.7366,-847002372.96,-17.0539,-5.1911,-2.2082,25.3,15830928504.31,-7.9762,2130608517.92,-2501874546.63,1.0,1
002424.SZ,ST百灵,中药Ⅱ,2022,1,2.278,0.5209,494.70396022992,0.9668,1.0863,52.04,1.0858,258472819.39,0.1,4.3778,60.1167,1.7325,-3.258741909416,3.8408,16.6395,0.3558,502152213.26,64.9171,4.3967,0.8433,1906078688.87,13.7895,3.8031,2.2095,41.92,7006578466.8,6.3858,3540132272.77,303580952.88,1.0,1
301499.SZ,维科精密,汽车零部件,2022,0,4.2812,0.7325,720.83784128812,1.7771,1.2623,42.6718,0.7443,80734382.67,0.65,1.4915,24.5162,3.0856,13.484852474762,9.5607,20.3655,0.83,86375417.85,97.1984,9.4728,0.6709,118867478.22,3.9979,8.3654,0.4193,,1001065999.97,7.7428,706903132.73,88402942.38,0.0,0
600859.SH,王府井,一般零售,2021,0,53.4515,0.4171,1681.4327706394,0.9727,1.6031,48.6525,0.9845,1802288952.65,1.364,2.0636,42.1416,5.2879,23.867310663227,10.8074,295.6101,2.447,2772010556.15,83.8348,14.9441,1.39,8125402539.53,10.5546,5.8942,5.3118,56.1,39150581109.27,77.9275,12753081424.86,6413791918.11,0.0,0
603789.SH,*ST星农,专用设备,2023,1,1.0258,0.2092,131.06729708545,0.4116,0.965,64.5319,2.0146,-47598725.46,-0.2349,1.0438,-0.5485,1.2469,-11.571626303596,-26.7058,61.5098,0.0624,17305814.95,,-22.8782,0.6043,-404791792.24,1.5426,-4.0204,15.3862,58.12,1292138921.62,20.1194,247673854.34,-24456059.25,0.0,0
688682.SH,霍莱沃,军工电子Ⅱ,2023,0,2.4262,0.4331,1591.7141579919,0.5129,3.7937,23.7576,0.3326,36603246.98,0.37,11.5252,33.8419,4.4719,1.2558444651886,10.4664,-46.2181,0.2952,21475028.91,42.9718,9.2008,3.2973,160657313.76,17.2627,4.0213,-3.9011,68.92,916204815.33,1.319,394236812.44,566701715.08,0.0,0
300085.SZ,银之杰,软件开发,2023,0,3.8254,0.7476,880.79997349557,1.1549,1.3033,53.1533,1.1346,-105107432.21,-0.1661,83.2902,22.7276,7.7624,-14.64351555495,-11.5669,3.5416,0.1816,128342665.52,,-10.958,1.0029,-328877672.66,-9.0553,-7.7406,-2.174,49.67,1426832435.87,10.7009,1015145174.04,226724621.69,0.0,0
000020.SZ,深华发A,光学光电子,2021,0,5.9641,1.1891,-156.55339171396,2.1439,1.2063,47.9568,0.9215,19573439.54,0.0254,4.0137,10.8113,8.4956,2.1418376402076,0.9407,5.4422,-0.0435,-12323760.07,80.7168,1.442,0.8783,-86288359.19,10.6787,3.04,0.067,57.41,659933225.57,5.1218,765611248.7,64357610.38,0.0,0
603043.SH,广州酒家,休闲食品,2023,0,34.2743,0.79,2238.4864095335,2.7808,1.0125,40.7278,0.7305,695674938.45,0.9679,2.8109,35.624,10.247,9.8449005463562,11.9007,5.2061,1.8254,1038236504.45,90.5309,14.655,0.6226,2578968547.04,19.1667,11.2146,-0.7221,77.3,6559860152.05,12.1977,4900549418.32,22965466.26,0.0,0
300167.SZ,ST迪威迅,IT服务Ⅱ,2021,1,1.1017,0.4117,67.842869586154,0.5562,1.396,57.299,1.6734,-155003359.38,-0.5595,8.5136,17.336,5.1408,-38.328714502137,-53.5898,-44.285,0.0294,9601716.59,,-52.0313,1.1809,-371079918.8,25.6912,-20.1419,-26.2148,35.66,745026244.58,-6.1784,316854130.91,165443492.34,2.0,1
002878.SZ,元隆雅图,广告营销,2023,0,3.6365,1.2077,27.412484994673,1.4117,2.1614,40.7658,0.6982,15802283.79,0.04,172.0008,15.0503,10.6787,51.354201378058,0.4403,-94.9982,0.016,4168015.78,-12.1733,0.197,1.7274,440224064.12,-18.7365,0.7137,-17.0329,59.92,2632843440.23,46.6376,2673948512.12,1232231243.32,0.0,0
002124.SZ,天邦食品,养殖业,2022,1,167.8263,0.5032,121.23168616003,2.3008,0.3686,79.6149,3.976,998037974.76,0.27,1.3937,14.2833,3.7241,13.371202570628,4.9829,110.9698,0.3579,658267768.09,-222.2793,5.334,0.1349,-1274374446.03,-8.9057,5.2469,86.2254,31.33,19551531971.61,5.7343,9570942144.13,-7404445181.06,0.0,0
002197.SZ,证通电子,计算机设备,2022,1,1.211,0.1952,287.57660861365,0.6547,0.8926,58.0452,1.3771,-475397091.49,-0.8761,0.5595,22.1114,7.0544,-17.207748312923,-44.386,-1833.5676,0.5769,354417364.15,,-46.9163,0.7365,-289550956.99,-2.3973,-7.5761,-20.462,26.82,5984183348.46,-8.8583,1224867260.86,-186196653.24,0.0,0
688004.SH,博汇科技,IT服务Ⅱ,2022,0,1.2547,0.1889,1282.5466226454,0.2829,4.5077,13.8976,0.1614,-38217796.76,-0.55,1.2707,52.0464,2.1236,-4.8293811118599,-19.8272,-163.837,0.0337,1915430.54,,-24.2721,4.0107,214111877.72,-44.6814,-4.5986,-10.9415,57.65,826470364.42,-1.1009,156966633.41,392491532.97,0.0,0
000615.SZ,*ST美谷,医疗美容,2021,1,12.6137,0.2234,-78.013539419437,0.3939,1.3046,57.8691,1.731,-87315843.01,-0.32,1.5447,21.4674,0.4267,-15.073084883348,-17.8598,-85.7267,-0.15,-114257637.01,,-2.1032,0.9631,735471090.75,-22.5765,-1.2678,-8.6487,43.8,4321165848.01,-54.2887,1538671099.98,254346762.89,1.0,1
300711.SZ,广哈通信,通信设备,2021,0,2.9278,0.435,,0.4836,4.1755,21.6277,0.276,35624745.7,0.2105,6.4593,53.2782,0.8878,5.9802852577598,12.638,41.8124,0.1778,36919124.6,91.8002,11.5378,2.9364,234757463.2,12.1763,4.4809,1.8257,68.73,809977862.5,3.8307,345870602.52,554170164.75,0.0,0
300311.SZ,ST任子行,软件开发,2023,1,1.7178,0.4184,5836.1355105592,0.6748,1.518,45.1609,0.856,-123904884.04,-0.1841,4.4776,54.1277,1.5449,-13.449379934537,-20.1451,-12246.1129,0.0827,55719544.91,,-18.8417,1.0958,-135853716.18,-16.563,-8.5157,-16.1124,33.99,1343640021.57,-14.2204,608741859.78,272400877.57,2.0,1
002826.SZ,易明医药,化学制药,2023,0,6.9569,0.6856,14162.188607054,1.253,2.8622,19.1523,0.2385,22032866.41,0.081,1.8685,51.1891,6.23,-0.037051936930653,2.3575,-65.138,0.8752,166880943.95,32.69,3.5238,2.5106,318281495.5,-22.1417,2.2645,-3.97,39.84,927743602.85,-8.8844,667038998.92,318590258.32,0.0,0
300097.SZ,智云股份,自动化设备,2022,1,1.4774,0.2388,153.01764693288,0.3537,1.0205,64.8364,1.8753,-351641179.56,-1.07,7.7501,25.9598,0.5775,-36.99082663784,-82.8569,52.7094,0.0866,24976137.04,,-93.9177,0.4054,-1091724178.42,-44.9738,-21.5056,11.8497,39.5,1385818139.49,-26.4586,390507896.9,17199927.5,2.0,1
300506.SZ,ST名家汇,装修装饰Ⅱ,2022,1,0.1705,0.0674,-121.02376104913,0.0917,1.1634,64.7289,1.8369,-402184649.11,-0.68,4.2803,-13.8507,6.3014,-47.706621358312,-386.0202,11.707,-0.051,-35448979.19,,-348.3831,1.1055,-914144144.94,-77.5025,-22.0424,-16.4388,40.55,1477301691.67,-31.9806,123028130.59,147857619.23,0.0,0
301105.SZ,鸿铭股份,专用设备,2021,0,3.8641,0.5803,2301.3377658485,0.7716,3.5694,24.6135,0.3265,78003535.79,1.79,7.8165,42.8057,1.4599,17.637922876393,20.7078,10.4442,1.0,37519283.09,87.7227,23.5914,2.3128,312819509.38,4.9187,13.9921,-1.1458,,597928384.35,15.6446,323512476.84,292678466.8,0.0,0
300536.SZ,农尚环境,基础建设,2022,1,1.0479,0.3477,-6236.9305204257,0.4142,2.175,38.9271,0.6452,33642244.46,0.08,22.97,24.9522,,3.8616667901296,6.082,5336.5485,-0.4432,-129983320.75,100.8727,8.6609,2.1176,329740424.38,26.1113,3.0155,3.8622,38.49,1046097733.11,-11.7344,387923666.05,468253137.18,0.0,0
